Person,Week,y,price
1,1,0,0.168
2,1,1,0.168
3,1,1,0.168
4,1,1,0.168
5,1,1,0.168
6,1,1,0.168
7,1,0,0.168
8,1,1,0.168
9,1,0,0.168
10,1,0,0.168
11,1,1,0.168
12,1,1,0.168
13,1,1,0.168
14,1,0,0.168
15,1,1,0.168
16,1,1,0.168
17,1,0,0.168
18,1,1,0.168
19,1,1,0.168
20,1,1,0.168
21,1,1,0.168
22,1,1,0.168
23,1,0,0.168
24,1,1,0.168
25,1,0,0.168
26,1,1,0.168
27,1,1,0.168
28,1,1,0.168
29,1,1,0.168
30,1,1,0.168
31,1,1,0.168
32,1,1,0.168
33,1,0,0.168
34,1,1,0.168
35,1,1,0.168
36,1,0,0.168
37,1,0,0.168
38,1,0,0.168
39,1,0,0.168
40,1,1,0.168
41,1,1,0.168
42,1,1,0.168
43,1,1,0.168
44,1,0,0.168
45,1,1,0.168
46,1,1,0.168
47,1,1,0.168
48,1,0,0.168
49,1,0,0.168
50,1,0,0.168
51,1,1,0.168
52,1,1,0.168
53,1,0,0.168
54,1,0,0.168
55,1,0,0.168
56,1,0,0.168
57,1,1,0.168
58,1,1,0.168
59,1,0,0.168
60,1,1,0.168
61,1,1,0.168
62,1,0,0.168
63,1,1,0.168
64,1,0,0.168
65,1,0,0.168
66,1,1,0.168
67,1,1,0.168
68,1,1,0.168
69,1,1,0.168
70,1,1,0.168
71,1,1,0.168
72,1,0,0.168
73,1,1,0.168
74,1,1,0.168
75,1,0,0.168
76,1,1,0.168
77,1,1,0.168
78,1,1,0.168
79,1,0,0.168
80,1,0,0.168
81,1,1,0.168
82,1,1,0.168
83,1,1,0.168
84,1,1,0.168
85,1,0,0.168
86,1,1,0.168
87,1,1,0.168
88,1,0,0.168
89,1,0,0.168
90,1,1,0.168
91,1,1,0.168
92,1,0,0.168
93,1,1,0.168
94,1,1,0.168
95,1,1,0.168
96,1,1,0.168
97,1,1,0.168
98,1,1,0.168
99,1,1,0.168
100,1,0,0.168
101,1,0,0.168
102,1,1,0.168
103,1,0,0.168
104,1,1,0.168
105,1,1,0.168
106,1,0,0.168
107,1,1,0.168
108,1,1,0.168
109,1,0,0.168
110,1,1,0.168
111,1,0,0.168
112,1,1,0.168
113,1,1,0.168
114,1,1,0.168
115,1,0,0.168
116,1,1,0.168
117,1,1,0.168
118,1,1,0.168
119,1,1,0.168
120,1,0,0.168
121,1,1,0.168
122,1,1,0.168
123,1,0,0.168
124,1,1,0.168
125,1,1,0.168
126,1,1,0.168
127,1,0,0.168
128,1,0,0.168
129,1,1,0.168
130,1,1,0.168
131,1,1,0.168
132,1,1,0.168
133,1,1,0.168
134,1,0,0.168
135,1,1,0.168
136,1,0,0.168
137,1,1,0.168
138,1,1,0.168
139,1,1,0.168
140,1,0,0.168
141,1,0,0.168
142,1,0,0.168
143,1,0,0.168
144,1,1,0.168
145,1,1,0.168
146,1,1,0.168
147,1,1,0.168
148,1,0,0.168
149,1,1,0.168
150,1,1,0.168
151,1,1,0.168
152,1,1,0.168
153,1,1,0.168
154,1,0,0.168
155,1,0,0.168
156,1,1,0.168
157,1,1,0.168
158,1,1,0.168
159,1,1,0.168
160,1,1,0.168
161,1,0,0.168
162,1,0,0.168
163,1,1,0.168
164,1,1,0.168
165,1,1,0.168
166,1,1,0.168
167,1,1,0.168
168,1,1,0.168
169,1,1,0.168
170,1,1,0.168
171,1,1,0.168
172,1,1,0.168
173,1,1,0.168
174,1,1,0.168
175,1,0,0.168
176,1,1,0.168
177,1,0,0.168
178,1,0,0.168
179,1,0,0.168
180,1,1,0.168
181,1,0,0.168
182,1,1,0.168
183,1,0,0.168
184,1,0,0.168
185,1,1,0.168
186,1,0,0.168
187,1,1,0.168
188,1,1,0.168
189,1,1,0.168
190,1,1,0.168
191,1,1,0.168
192,1,0,0.168
193,1,1,0.168
194,1,1,0.168
195,1,1,0.168
196,1,1,0.168
197,1,0,0.168
198,1,1,0.168
199,1,1,0.168
200,1,1,0.168
201,1,1,0.168
202,1,0,0.168
203,1,0,0.168
204,1,1,0.168
205,1,1,0.168
206,1,0,0.168
207,1,1,0.168
208,1,0,0.168
209,1,0,0.168
210,1,1,0.168
211,1,0,0.168
212,1,1,0.168
213,1,0,0.168
214,1,1,0.168
215,1,1,0.168
216,1,1,0.168
217,1,1,0.168
218,1,0,0.168
219,1,1,0.168
220,1,1,0.168
221,1,0,0.168
222,1,0,0.168
223,1,1,0.168
224,1,0,0.168
225,1,0,0.168
226,1,1,0.168
227,1,1,0.168
228,1,0,0.168
229,1,0,0.168
230,1,0,0.168
231,1,0,0.168
232,1,1,0.168
233,1,0,0.168
234,1,1,0.168
235,1,1,0.168
236,1,1,0.168
237,1,1,0.168
238,1,1,0.168
239,1,1,0.168
240,1,0,0.168
241,1,0,0.168
242,1,1,0.168
243,1,1,0.168
244,1,0,0.168
245,1,0,0.168
246,1,1,0.168
247,1,0,0.168
248,1,0,0.168
249,1,1,0.168
250,1,0,0.168
1,2,0,0.086
2,2,1,0.086
3,2,0,0.086
4,2,0,0.086
5,2,1,0.086
6,2,1,0.086
7,2,0,0.086
8,2,0,0.086
9,2,1,0.086
10,2,1,0.086
11,2,0,0.086
12,2,0,0.086
13,2,1,0.086
14,2,0,0.086
15,2,1,0.086
16,2,1,0.086
17,2,1,0.086
18,2,1,0.086
19,2,1,0.086
20,2,1,0.086
21,2,0,0.086
22,2,1,0.086
23,2,1,0.086
24,2,1,0.086
25,2,1,0.086
26,2,1,0.086
27,2,1,0.086
28,2,1,0.086
29,2,0,0.086
30,2,1,0.086
31,2,1,0.086
32,2,1,0.086
33,2,1,0.086
34,2,1,0.086
35,2,1,0.086
36,2,0,0.086
37,2,1,0.086
38,2,1,0.086
39,2,0,0.086
40,2,0,0.086
41,2,1,0.086
42,2,1,0.086
43,2,1,0.086
44,2,1,0.086
45,2,1,0.086
46,2,1,0.086
47,2,1,0.086
48,2,0,0.086
49,2,1,0.086
50,2,1,0.086
51,2,0,0.086
52,2,0,0.086
53,2,0,0.086
54,2,1,0.086
55,2,1,0.086
56,2,1,0.086
57,2,1,0.086
58,2,1,0.086
59,2,0,0.086
60,2,1,0.086
61,2,1,0.086
62,2,0,0.086
63,2,1,0.086
64,2,1,0.086
65,2,1,0.086
66,2,1,0.086
67,2,1,0.086
68,2,1,0.086
69,2,1,0.086
70,2,1,0.086
71,2,1,0.086
72,2,0,0.086
73,2,1,0.086
74,2,1,0.086
75,2,1,0.086
76,2,0,0.086
77,2,1,0.086
78,2,0,0.086
79,2,0,0.086
80,2,1,0.086
81,2,0,0.086
82,2,1,0.086
83,2,1,0.086
84,2,1,0.086
85,2,1,0.086
86,2,0,0.086
87,2,0,0.086
88,2,0,0.086
89,2,1,0.086
90,2,0,0.086
91,2,0,0.086
92,2,1,0.086
93,2,1,0.086
94,2,0,0.086
95,2,1,0.086
96,2,0,0.086
97,2,1,0.086
98,2,1,0.086
99,2,1,0.086
100,2,0,0.086
101,2,1,0.086
102,2,1,0.086
103,2,1,0.086
104,2,1,0.086
105,2,1,0.086
106,2,1,0.086
107,2,1,0.086
108,2,1,0.086
109,2,1,0.086
110,2,1,0.086
111,2,1,0.086
112,2,1,0.086
113,2,1,0.086
114,2,1,0.086
115,2,1,0.086
116,2,0,0.086
117,2,1,0.086
118,2,1,0.086
119,2,1,0.086
120,2,0,0.086
121,2,1,0.086
122,2,1,0.086
123,2,1,0.086
124,2,0,0.086
125,2,1,0.086
126,2,1,0.086
127,2,0,0.086
128,2,1,0.086
129,2,0,0.086
130,2,1,0.086
131,2,1,0.086
132,2,1,0.086
133,2,1,0.086
134,2,0,0.086
135,2,0,0.086
136,2,1,0.086
137,2,1,0.086
138,2,1,0.086
139,2,0,0.086
140,2,1,0.086
141,2,1,0.086
142,2,1,0.086
143,2,1,0.086
144,2,1,0.086
145,2,1,0.086
146,2,1,0.086
147,2,1,0.086
148,2,1,0.086
149,2,1,0.086
150,2,1,0.086
151,2,1,0.086
152,2,0,0.086
153,2,0,0.086
154,2,1,0.086
155,2,0,0.086
156,2,1,0.086
157,2,1,0.086
158,2,1,0.086
159,2,1,0.086
160,2,0,0.086
161,2,1,0.086
162,2,1,0.086
163,2,1,0.086
164,2,1,0.086
165,2,1,0.086
166,2,1,0.086
167,2,0,0.086
168,2,1,0.086
169,2,1,0.086
170,2,0,0.086
171,2,1,0.086
172,2,1,0.086
173,2,1,0.086
174,2,1,0.086
175,2,0,0.086
176,2,0,0.086
177,2,1,0.086
178,2,0,0.086
179,2,0,0.086
180,2,1,0.086
181,2,0,0.086
182,2,0,0.086
183,2,1,0.086
184,2,1,0.086
185,2,1,0.086
186,2,0,0.086
187,2,0,0.086
188,2,1,0.086
189,2,1,0.086
190,2,1,0.086
191,2,1,0.086
192,2,1,0.086
193,2,0,0.086
194,2,1,0.086
195,2,1,0.086
196,2,0,0.086
197,2,1,0.086
198,2,1,0.086
199,2,1,0.086
200,2,1,0.086
201,2,0,0.086
202,2,1,0.086
203,2,0,0.086
204,2,1,0.086
205,2,1,0.086
206,2,1,0.086
207,2,0,0.086
208,2,1,0.086
209,2,1,0.086
210,2,1,0.086
211,2,0,0.086
212,2,1,0.086
213,2,1,0.086
214,2,0,0.086
215,2,0,0.086
216,2,1,0.086
217,2,1,0.086
218,2,0,0.086
219,2,1,0.086
220,2,1,0.086
221,2,0,0.086
222,2,1,0.086
223,2,1,0.086
224,2,0,0.086
225,2,0,0.086
226,2,0,0.086
227,2,1,0.086
228,2,1,0.086
229,2,0,0.086
230,2,1,0.086
231,2,1,0.086
232,2,1,0.086
233,2,1,0.086
234,2,1,0.086
235,2,1,0.086
236,2,1,0.086
237,2,1,0.086
238,2,1,0.086
239,2,0,0.086
240,2,1,0.086
241,2,0,0.086
242,2,0,0.086
243,2,1,0.086
244,2,0,0.086
245,2,0,0.086
246,2,1,0.086
247,2,0,0.086
248,2,1,0.086
249,2,0,0.086
250,2,0,0.086
1,3,0,1.181
2,3,1,1.181
3,3,0,1.181
4,3,1,1.181
5,3,0,1.181
6,3,0,1.181
7,3,1,1.181
8,3,1,1.181
9,3,1,1.181
10,3,1,1.181
11,3,1,1.181
12,3,1,1.181
13,3,1,1.181
14,3,1,1.181
15,3,0,1.181
16,3,0,1.181
17,3,1,1.181
18,3,0,1.181
19,3,1,1.181
20,3,1,1.181
21,3,1,1.181
22,3,0,1.181
23,3,0,1.181
24,3,1,1.181
25,3,1,1.181
26,3,0,1.181
27,3,1,1.181
28,3,1,1.181
29,3,0,1.181
30,3,0,1.181
31,3,0,1.181
32,3,1,1.181
33,3,1,1.181
34,3,0,1.181
35,3,0,1.181
36,3,1,1.181
37,3,0,1.181
38,3,0,1.181
39,3,1,1.181
40,3,1,1.181
41,3,1,1.181
42,3,0,1.181
43,3,0,1.181
44,3,0,1.181
45,3,0,1.181
46,3,1,1.181
47,3,0,1.181
48,3,1,1.181
49,3,1,1.181
50,3,0,1.181
51,3,1,1.181
52,3,1,1.181
53,3,1,1.181
54,3,1,1.181
55,3,0,1.181
56,3,1,1.181
57,3,0,1.181
58,3,1,1.181
59,3,0,1.181
60,3,0,1.181
61,3,0,1.181
62,3,0,1.181
63,3,0,1.181
64,3,1,1.181
65,3,1,1.181
66,3,1,1.181
67,3,0,1.181
68,3,1,1.181
69,3,0,1.181
70,3,1,1.181
71,3,1,1.181
72,3,0,1.181
73,3,1,1.181
74,3,0,1.181
75,3,0,1.181
76,3,0,1.181
77,3,1,1.181
78,3,0,1.181
79,3,1,1.181
80,3,0,1.181
81,3,1,1.181
82,3,1,1.181
83,3,0,1.181
84,3,0,1.181
85,3,0,1.181
86,3,1,1.181
87,3,0,1.181
88,3,1,1.181
89,3,1,1.181
90,3,1,1.181
91,3,1,1.181
92,3,1,1.181
93,3,1,1.181
94,3,0,1.181
95,3,1,1.181
96,3,0,1.181
97,3,0,1.181
98,3,0,1.181
99,3,1,1.181
100,3,1,1.181
101,3,1,1.181
102,3,1,1.181
103,3,0,1.181
104,3,0,1.181
105,3,0,1.181
106,3,1,1.181
107,3,1,1.181
108,3,1,1.181
109,3,0,1.181
110,3,0,1.181
111,3,0,1.181
112,3,1,1.181
113,3,1,1.181
114,3,0,1.181
115,3,0,1.181
116,3,0,1.181
117,3,1,1.181
118,3,0,1.181
119,3,0,1.181
120,3,0,1.181
121,3,0,1.181
122,3,0,1.181
123,3,0,1.181
124,3,1,1.181
125,3,1,1.181
126,3,1,1.181
127,3,1,1.181
128,3,0,1.181
129,3,1,1.181
130,3,0,1.181
131,3,0,1.181
132,3,0,1.181
133,3,0,1.181
134,3,0,1.181
135,3,0,1.181
136,3,0,1.181
137,3,1,1.181
138,3,1,1.181
139,3,0,1.181
140,3,1,1.181
141,3,1,1.181
142,3,0,1.181
143,3,0,1.181
144,3,1,1.181
145,3,0,1.181
146,3,0,1.181
147,3,0,1.181
148,3,0,1.181
149,3,0,1.181
150,3,1,1.181
151,3,1,1.181
152,3,1,1.181
153,3,0,1.181
154,3,0,1.181
155,3,0,1.181
156,3,0,1.181
157,3,1,1.181
158,3,0,1.181
159,3,1,1.181
160,3,0,1.181
161,3,1,1.181
162,3,0,1.181
163,3,1,1.181
164,3,0,1.181
165,3,0,1.181
166,3,1,1.181
167,3,1,1.181
168,3,0,1.181
169,3,1,1.181
170,3,1,1.181
171,3,1,1.181
172,3,0,1.181
173,3,0,1.181
174,3,1,1.181
175,3,1,1.181
176,3,1,1.181
177,3,0,1.181
178,3,1,1.181
179,3,0,1.181
180,3,1,1.181
181,3,0,1.181
182,3,1,1.181
183,3,1,1.181
184,3,0,1.181
185,3,1,1.181
186,3,0,1.181
187,3,1,1.181
188,3,0,1.181
189,3,0,1.181
190,3,1,1.181
191,3,1,1.181
192,3,1,1.181
193,3,1,1.181
194,3,0,1.181
195,3,0,1.181
196,3,1,1.181
197,3,0,1.181
198,3,0,1.181
199,3,0,1.181
200,3,0,1.181
201,3,1,1.181
202,3,0,1.181
203,3,0,1.181
204,3,0,1.181
205,3,0,1.181
206,3,1,1.181
207,3,1,1.181
208,3,0,1.181
209,3,1,1.181
210,3,0,1.181
211,3,1,1.181
212,3,1,1.181
213,3,0,1.181
214,3,0,1.181
215,3,1,1.181
216,3,1,1.181
217,3,1,1.181
218,3,0,1.181
219,3,1,1.181
220,3,1,1.181
221,3,1,1.181
222,3,0,1.181
223,3,1,1.181
224,3,1,1.181
225,3,0,1.181
226,3,0,1.181
227,3,0,1.181
228,3,1,1.181
229,3,0,1.181
230,3,1,1.181
231,3,0,1.181
232,3,0,1.181
233,3,0,1.181
234,3,0,1.181
235,3,0,1.181
236,3,0,1.181
237,3,1,1.181
238,3,0,1.181
239,3,0,1.181
240,3,1,1.181
241,3,0,1.181
242,3,0,1.181
243,3,1,1.181
244,3,0,1.181
245,3,1,1.181
246,3,1,1.181
247,3,1,1.181
248,3,0,1.181
249,3,0,1.181
250,3,1,1.181
1,4,0,4.356
2,4,0,4.356
3,4,1,4.356
4,4,0,4.356
5,4,0,4.356
6,4,0,4.356
7,4,1,4.356
8,4,0,4.356
9,4,0,4.356
10,4,0,4.356
11,4,0,4.356
12,4,0,4.356
13,4,0,4.356
14,4,0,4.356
15,4,0,4.356
16,4,0,4.356
17,4,0,4.356
18,4,0,4.356
19,4,1,4.356
20,4,0,4.356
21,4,0,4.356
22,4,0,4.356
23,4,0,4.356
24,4,1,4.356
25,4,0,4.356
26,4,0,4.356
27,4,0,4.356
28,4,0,4.356
29,4,0,4.356
30,4,0,4.356
31,4,0,4.356
32,4,0,4.356
33,4,1,4.356
34,4,0,4.356
35,4,0,4.356
36,4,0,4.356
37,4,0,4.356
38,4,0,4.356
39,4,0,4.356
40,4,1,4.356
41,4,0,4.356
42,4,0,4.356
43,4,0,4.356
44,4,0,4.356
45,4,0,4.356
46,4,1,4.356
47,4,0,4.356
48,4,1,4.356
49,4,0,4.356
50,4,0,4.356
51,4,0,4.356
52,4,0,4.356
53,4,0,4.356
54,4,1,4.356
55,4,0,4.356
56,4,0,4.356
57,4,0,4.356
58,4,0,4.356
59,4,1,4.356
60,4,0,4.356
61,4,0,4.356
62,4,0,4.356
63,4,0,4.356
64,4,0,4.356
65,4,0,4.356
66,4,0,4.356
67,4,0,4.356
68,4,0,4.356
69,4,0,4.356
70,4,0,4.356
71,4,0,4.356
72,4,0,4.356
73,4,0,4.356
74,4,0,4.356
75,4,0,4.356
76,4,0,4.356
77,4,0,4.356
78,4,0,4.356
79,4,0,4.356
80,4,0,4.356
81,4,1,4.356
82,4,0,4.356
83,4,0,4.356
84,4,0,4.356
85,4,0,4.356
86,4,1,4.356
87,4,0,4.356
88,4,0,4.356
89,4,1,4.356
90,4,0,4.356
91,4,1,4.356
92,4,0,4.356
93,4,0,4.356
94,4,1,4.356
95,4,0,4.356
96,4,0,4.356
97,4,0,4.356
98,4,0,4.356
99,4,0,4.356
100,4,0,4.356
101,4,0,4.356
102,4,0,4.356
103,4,0,4.356
104,4,0,4.356
105,4,0,4.356
106,4,0,4.356
107,4,1,4.356
108,4,1,4.356
109,4,0,4.356
110,4,1,4.356
111,4,0,4.356
112,4,0,4.356
113,4,0,4.356
114,4,0,4.356
115,4,0,4.356
116,4,0,4.356
117,4,0,4.356
118,4,0,4.356
119,4,0,4.356
120,4,0,4.356
121,4,0,4.356
122,4,0,4.356
123,4,0,4.356
124,4,0,4.356
125,4,0,4.356
126,4,1,4.356
127,4,0,4.356
128,4,1,4.356
129,4,0,4.356
130,4,0,4.356
131,4,0,4.356
132,4,0,4.356
133,4,0,4.356
134,4,0,4.356
135,4,1,4.356
136,4,0,4.356
137,4,0,4.356
138,4,0,4.356
139,4,0,4.356
140,4,0,4.356
141,4,0,4.356
142,4,0,4.356
143,4,0,4.356
144,4,1,4.356
145,4,0,4.356
146,4,0,4.356
147,4,0,4.356
148,4,0,4.356
149,4,0,4.356
150,4,0,4.356
151,4,0,4.356
152,4,0,4.356
153,4,0,4.356
154,4,0,4.356
155,4,1,4.356
156,4,0,4.356
157,4,0,4.356
158,4,0,4.356
159,4,0,4.356
160,4,0,4.356
161,4,1,4.356
162,4,0,4.356
163,4,0,4.356
164,4,0,4.356
165,4,0,4.356
166,4,0,4.356
167,4,0,4.356
168,4,0,4.356
169,4,0,4.356
170,4,1,4.356
171,4,0,4.356
172,4,1,4.356
173,4,0,4.356
174,4,1,4.356
175,4,1,4.356
176,4,0,4.356
177,4,1,4.356
178,4,0,4.356
179,4,0,4.356
180,4,0,4.356
181,4,0,4.356
182,4,0,4.356
183,4,0,4.356
184,4,0,4.356
185,4,0,4.356
186,4,0,4.356
187,4,0,4.356
188,4,1,4.356
189,4,0,4.356
190,4,0,4.356
191,4,0,4.356
192,4,0,4.356
193,4,0,4.356
194,4,0,4.356
195,4,0,4.356
196,4,0,4.356
197,4,0,4.356
198,4,0,4.356
199,4,0,4.356
200,4,0,4.356
201,4,0,4.356
202,4,0,4.356
203,4,0,4.356
204,4,0,4.356
205,4,0,4.356
206,4,0,4.356
207,4,0,4.356
208,4,0,4.356
209,4,0,4.356
210,4,0,4.356
211,4,0,4.356
212,4,0,4.356
213,4,0,4.356
214,4,0,4.356
215,4,1,4.356
216,4,0,4.356
217,4,0,4.356
218,4,0,4.356
219,4,0,4.356
220,4,0,4.356
221,4,0,4.356
222,4,1,4.356
223,4,0,4.356
224,4,0,4.356
225,4,1,4.356
226,4,0,4.356
227,4,0,4.356
228,4,0,4.356
229,4,0,4.356
230,4,0,4.356
231,4,1,4.356
232,4,0,4.356
233,4,0,4.356
234,4,0,4.356
235,4,0,4.356
236,4,0,4.356
237,4,0,4.356
238,4,0,4.356
239,4,0,4.356
240,4,0,4.356
241,4,0,4.356
242,4,1,4.356
243,4,0,4.356
244,4,0,4.356
245,4,0,4.356
246,4,0,4.356
247,4,0,4.356
248,4,0,4.356
249,4,0,4.356
250,4,0,4.356
1,5,0,0.365
2,5,1,0.365
3,5,1,0.365
4,5,1,0.365
5,5,1,0.365
6,5,1,0.365
7,5,1,0.365
8,5,1,0.365
9,5,0,0.365
10,5,0,0.365
11,5,1,0.365
12,5,1,0.365
13,5,0,0.365
14,5,0,0.365
15,5,1,0.365
16,5,0,0.365
17,5,0,0.365
18,5,0,0.365
19,5,1,0.365
20,5,1,0.365
21,5,0,0.365
22,5,1,0.365
23,5,1,0.365
24,5,1,0.365
25,5,0,0.365
26,5,1,0.365
27,5,1,0.365
28,5,1,0.365
29,5,1,0.365
30,5,1,0.365
31,5,1,0.365
32,5,1,0.365
33,5,0,0.365
34,5,1,0.365
35,5,0,0.365
36,5,1,0.365
37,5,1,0.365
38,5,1,0.365
39,5,1,0.365
40,5,1,0.365
41,5,1,0.365
42,5,0,0.365
43,5,0,0.365
44,5,1,0.365
45,5,1,0.365
46,5,1,0.365
47,5,0,0.365
48,5,1,0.365
49,5,0,0.365
50,5,0,0.365
51,5,1,0.365
52,5,1,0.365
53,5,1,0.365
54,5,1,0.365
55,5,0,0.365
56,5,1,0.365
57,5,0,0.365
58,5,1,0.365
59,5,1,0.365
60,5,1,0.365
61,5,1,0.365
62,5,1,0.365
63,5,1,0.365
64,5,0,0.365
65,5,1,0.365
66,5,1,0.365
67,5,1,0.365
68,5,1,0.365
69,5,1,0.365
70,5,1,0.365
71,5,0,0.365
72,5,0,0.365
73,5,0,0.365
74,5,0,0.365
75,5,1,0.365
76,5,1,0.365
77,5,1,0.365
78,5,0,0.365
79,5,0,0.365
80,5,1,0.365
81,5,0,0.365
82,5,0,0.365
83,5,0,0.365
84,5,1,0.365
85,5,1,0.365
86,5,0,0.365
87,5,1,0.365
88,5,0,0.365
89,5,0,0.365
90,5,0,0.365
91,5,0,0.365
92,5,0,0.365
93,5,1,0.365
94,5,1,0.365
95,5,0,0.365
96,5,1,0.365
97,5,1,0.365
98,5,1,0.365
99,5,1,0.365
100,5,1,0.365
101,5,0,0.365
102,5,1,0.365
103,5,1,0.365
104,5,1,0.365
105,5,1,0.365
106,5,0,0.365
107,5,0,0.365
108,5,1,0.365
109,5,0,0.365
110,5,1,0.365
111,5,0,0.365
112,5,0,0.365
113,5,1,0.365
114,5,1,0.365
115,5,0,0.365
116,5,1,0.365
117,5,1,0.365
118,5,1,0.365
119,5,1,0.365
120,5,1,0.365
121,5,1,0.365
122,5,1,0.365
123,5,0,0.365
124,5,1,0.365
125,5,1,0.365
126,5,1,0.365
127,5,1,0.365
128,5,0,0.365
129,5,0,0.365
130,5,1,0.365
131,5,1,0.365
132,5,1,0.365
133,5,1,0.365
134,5,1,0.365
135,5,1,0.365
136,5,1,0.365
137,5,1,0.365
138,5,0,0.365
139,5,0,0.365
140,5,0,0.365
141,5,0,0.365
142,5,1,0.365
143,5,1,0.365
144,5,0,0.365
145,5,0,0.365
146,5,0,0.365
147,5,0,0.365
148,5,1,0.365
149,5,1,0.365
150,5,1,0.365
151,5,1,0.365
152,5,0,0.365
153,5,0,0.365
154,5,1,0.365
155,5,0,0.365
156,5,1,0.365
157,5,1,0.365
158,5,1,0.365
159,5,0,0.365
160,5,1,0.365
161,5,1,0.365
162,5,1,0.365
163,5,1,0.365
164,5,1,0.365
165,5,1,0.365
166,5,0,0.365
167,5,1,0.365
168,5,1,0.365
169,5,1,0.365
170,5,1,0.365
171,5,1,0.365
172,5,0,0.365
173,5,1,0.365
174,5,0,0.365
175,5,0,0.365
176,5,1,0.365
177,5,1,0.365
178,5,1,0.365
179,5,1,0.365
180,5,1,0.365
181,5,1,0.365
182,5,0,0.365
183,5,1,0.365
184,5,0,0.365
185,5,1,0.365
186,5,1,0.365
187,5,1,0.365
188,5,1,0.365
189,5,1,0.365
190,5,1,0.365
191,5,1,0.365
192,5,0,0.365
193,5,1,0.365
194,5,1,0.365
195,5,1,0.365
196,5,1,0.365
197,5,1,0.365
198,5,1,0.365
199,5,0,0.365
200,5,0,0.365
201,5,0,0.365
202,5,1,0.365
203,5,1,0.365
204,5,1,0.365
205,5,1,0.365
206,5,1,0.365
207,5,0,0.365
208,5,0,0.365
209,5,0,0.365
210,5,0,0.365
211,5,0,0.365
212,5,1,0.365
213,5,0,0.365
214,5,1,0.365
215,5,1,0.365
216,5,0,0.365
217,5,1,0.365
218,5,1,0.365
219,5,0,0.365
220,5,1,0.365
221,5,1,0.365
222,5,0,0.365
223,5,1,0.365
224,5,1,0.365
225,5,1,0.365
226,5,1,0.365
227,5,1,0.365
228,5,1,0.365
229,5,0,0.365
230,5,1,0.365
231,5,0,0.365
232,5,1,0.365
233,5,1,0.365
234,5,1,0.365
235,5,0,0.365
236,5,0,0.365
237,5,1,0.365
238,5,1,0.365
239,5,1,0.365
240,5,1,0.365
241,5,1,0.365
242,5,0,0.365
243,5,1,0.365
244,5,1,0.365
245,5,0,0.365
246,5,0,0.365
247,5,1,0.365
248,5,1,0.365
249,5,0,0.365
250,5,1,0.365
1,6,0,2.333
2,6,0,2.333
3,6,0,2.333
4,6,0,2.333
5,6,0,2.333
6,6,1,2.333
7,6,0,2.333
8,6,0,2.333
9,6,0,2.333
10,6,1,2.333
11,6,0,2.333
12,6,0,2.333
13,6,0,2.333
14,6,1,2.333
15,6,0,2.333
16,6,0,2.333
17,6,1,2.333
18,6,0,2.333
19,6,1,2.333
20,6,0,2.333
21,6,0,2.333
22,6,0,2.333
23,6,0,2.333
24,6,0,2.333
25,6,0,2.333
26,6,0,2.333
27,6,0,2.333
28,6,0,2.333
29,6,1,2.333
30,6,0,2.333
31,6,0,2.333
32,6,0,2.333
33,6,1,2.333
34,6,0,2.333
35,6,0,2.333
36,6,0,2.333
37,6,1,2.333
38,6,0,2.333
39,6,0,2.333
40,6,0,2.333
41,6,0,2.333
42,6,0,2.333
43,6,1,2.333
44,6,1,2.333
45,6,0,2.333
46,6,0,2.333
47,6,1,2.333
48,6,0,2.333
49,6,1,2.333
50,6,0,2.333
51,6,1,2.333
52,6,1,2.333
53,6,0,2.333
54,6,0,2.333
55,6,0,2.333
56,6,1,2.333
57,6,0,2.333
58,6,0,2.333
59,6,0,2.333
60,6,0,2.333
61,6,0,2.333
62,6,1,2.333
63,6,0,2.333
64,6,1,2.333
65,6,0,2.333
66,6,0,2.333
67,6,0,2.333
68,6,0,2.333
69,6,0,2.333
70,6,0,2.333
71,6,0,2.333
72,6,0,2.333
73,6,1,2.333
74,6,0,2.333
75,6,0,2.333
76,6,1,2.333
77,6,0,2.333
78,6,0,2.333
79,6,0,2.333
80,6,1,2.333
81,6,0,2.333
82,6,0,2.333
83,6,0,2.333
84,6,1,2.333
85,6,0,2.333
86,6,0,2.333
87,6,1,2.333
88,6,0,2.333
89,6,0,2.333
90,6,0,2.333
91,6,0,2.333
92,6,0,2.333
93,6,0,2.333
94,6,0,2.333
95,6,0,2.333
96,6,0,2.333
97,6,1,2.333
98,6,0,2.333
99,6,1,2.333
100,6,0,2.333
101,6,0,2.333
102,6,0,2.333
103,6,0,2.333
104,6,0,2.333
105,6,1,2.333
106,6,0,2.333
107,6,0,2.333
108,6,1,2.333
109,6,1,2.333
110,6,0,2.333
111,6,0,2.333
112,6,1,2.333
113,6,0,2.333
114,6,0,2.333
115,6,0,2.333
116,6,1,2.333
117,6,0,2.333
118,6,1,2.333
119,6,0,2.333
120,6,1,2.333
121,6,0,2.333
122,6,0,2.333
123,6,1,2.333
124,6,1,2.333
125,6,0,2.333
126,6,0,2.333
127,6,0,2.333
128,6,1,2.333
129,6,0,2.333
130,6,1,2.333
131,6,0,2.333
132,6,0,2.333
133,6,0,2.333
134,6,0,2.333
135,6,1,2.333
136,6,1,2.333
137,6,0,2.333
138,6,1,2.333
139,6,0,2.333
140,6,0,2.333
141,6,1,2.333
142,6,0,2.333
143,6,0,2.333
144,6,0,2.333
145,6,1,2.333
146,6,0,2.333
147,6,0,2.333
148,6,0,2.333
149,6,1,2.333
150,6,0,2.333
151,6,0,2.333
152,6,0,2.333
153,6,0,2.333
154,6,0,2.333
155,6,0,2.333
156,6,1,2.333
157,6,0,2.333
158,6,0,2.333
159,6,1,2.333
160,6,0,2.333
161,6,0,2.333
162,6,0,2.333
163,6,0,2.333
164,6,0,2.333
165,6,0,2.333
166,6,0,2.333
167,6,0,2.333
168,6,0,2.333
169,6,0,2.333
170,6,0,2.333
171,6,0,2.333
172,6,0,2.333
173,6,0,2.333
174,6,0,2.333
175,6,0,2.333
176,6,0,2.333
177,6,0,2.333
178,6,1,2.333
179,6,1,2.333
180,6,0,2.333
181,6,1,2.333
182,6,1,2.333
183,6,0,2.333
184,6,1,2.333
185,6,0,2.333
186,6,1,2.333
187,6,0,2.333
188,6,1,2.333
189,6,0,2.333
190,6,1,2.333
191,6,0,2.333
192,6,1,2.333
193,6,1,2.333
194,6,0,2.333
195,6,0,2.333
196,6,0,2.333
197,6,0,2.333
198,6,0,2.333
199,6,0,2.333
200,6,0,2.333
201,6,0,2.333
202,6,0,2.333
203,6,0,2.333
204,6,0,2.333
205,6,0,2.333
206,6,0,2.333
207,6,0,2.333
208,6,0,2.333
209,6,0,2.333
210,6,1,2.333
211,6,1,2.333
212,6,0,2.333
213,6,1,2.333
214,6,1,2.333
215,6,1,2.333
216,6,0,2.333
217,6,0,2.333
218,6,0,2.333
219,6,0,2.333
220,6,0,2.333
221,6,0,2.333
222,6,0,2.333
223,6,0,2.333
224,6,0,2.333
225,6,0,2.333
226,6,0,2.333
227,6,0,2.333
228,6,0,2.333
229,6,0,2.333
230,6,0,2.333
231,6,0,2.333
232,6,0,2.333
233,6,0,2.333
234,6,1,2.333
235,6,0,2.333
236,6,0,2.333
237,6,0,2.333
238,6,0,2.333
239,6,0,2.333
240,6,0,2.333
241,6,1,2.333
242,6,0,2.333
243,6,0,2.333
244,6,0,2.333
245,6,0,2.333
246,6,1,2.333
247,6,1,2.333
248,6,0,2.333
249,6,0,2.333
250,6,0,2.333
1,7,0,0.724
2,7,1,0.724
3,7,0,0.724
4,7,1,0.724
5,7,1,0.724
6,7,1,0.724
7,7,1,0.724
8,7,1,0.724
9,7,1,0.724
10,7,0,0.724
11,7,0,0.724
12,7,1,0.724
13,7,1,0.724
14,7,0,0.724
15,7,1,0.724
16,7,1,0.724
17,7,0,0.724
18,7,1,0.724
19,7,1,0.724
20,7,0,0.724
21,7,1,0.724
22,7,0,0.724
23,7,1,0.724
24,7,0,0.724
25,7,1,0.724
26,7,0,0.724
27,7,0,0.724
28,7,1,0.724
29,7,1,0.724
30,7,0,0.724
31,7,1,0.724
32,7,0,0.724
33,7,1,0.724
34,7,0,0.724
35,7,0,0.724
36,7,1,0.724
37,7,1,0.724
38,7,1,0.724
39,7,1,0.724
40,7,1,0.724
41,7,1,0.724
42,7,0,0.724
43,7,0,0.724
44,7,0,0.724
45,7,1,0.724
46,7,0,0.724
47,7,1,0.724
48,7,1,0.724
49,7,0,0.724
50,7,1,0.724
51,7,0,0.724
52,7,0,0.724
53,7,1,0.724
54,7,1,0.724
55,7,1,0.724
56,7,1,0.724
57,7,1,0.724
58,7,0,0.724
59,7,1,0.724
60,7,1,0.724
61,7,1,0.724
62,7,0,0.724
63,7,0,0.724
64,7,1,0.724
65,7,1,0.724
66,7,1,0.724
67,7,1,0.724
68,7,1,0.724
69,7,1,0.724
70,7,1,0.724
71,7,0,0.724
72,7,0,0.724
73,7,1,0.724
74,7,0,0.724
75,7,0,0.724
76,7,0,0.724
77,7,0,0.724
78,7,0,0.724
79,7,0,0.724
80,7,1,0.724
81,7,0,0.724
82,7,1,0.724
83,7,1,0.724
84,7,0,0.724
85,7,1,0.724
86,7,0,0.724
87,7,1,0.724
88,7,0,0.724
89,7,0,0.724
90,7,1,0.724
91,7,1,0.724
92,7,1,0.724
93,7,1,0.724
94,7,0,0.724
95,7,1,0.724
96,7,1,0.724
97,7,1,0.724
98,7,1,0.724
99,7,0,0.724
100,7,1,0.724
101,7,0,0.724
102,7,0,0.724
103,7,0,0.724
104,7,1,0.724
105,7,0,0.724
106,7,1,0.724
107,7,0,0.724
108,7,1,0.724
109,7,0,0.724
110,7,0,0.724
111,7,0,0.724
112,7,0,0.724
113,7,0,0.724
114,7,1,0.724
115,7,0,0.724
116,7,0,0.724
117,7,0,0.724
118,7,0,0.724
119,7,1,0.724
120,7,1,0.724
121,7,0,0.724
122,7,1,0.724
123,7,1,0.724
124,7,0,0.724
125,7,1,0.724
126,7,1,0.724
127,7,1,0.724
128,7,1,0.724
129,7,0,0.724
130,7,1,0.724
131,7,0,0.724
132,7,1,0.724
133,7,0,0.724
134,7,0,0.724
135,7,0,0.724
136,7,1,0.724
137,7,0,0.724
138,7,1,0.724
139,7,1,0.724
140,7,1,0.724
141,7,1,0.724
142,7,1,0.724
143,7,1,0.724
144,7,1,0.724
145,7,0,0.724
146,7,1,0.724
147,7,0,0.724
148,7,1,0.724
149,7,0,0.724
150,7,0,0.724
151,7,1,0.724
152,7,1,0.724
153,7,0,0.724
154,7,0,0.724
155,7,0,0.724
156,7,1,0.724
157,7,1,0.724
158,7,1,0.724
159,7,1,0.724
160,7,1,0.724
161,7,0,0.724
162,7,1,0.724
163,7,0,0.724
164,7,1,0.724
165,7,0,0.724
166,7,0,0.724
167,7,1,0.724
168,7,0,0.724
169,7,1,0.724
170,7,1,0.724
171,7,0,0.724
172,7,0,0.724
173,7,1,0.724
174,7,1,0.724
175,7,1,0.724
176,7,1,0.724
177,7,0,0.724
178,7,1,0.724
179,7,1,0.724
180,7,1,0.724
181,7,0,0.724
182,7,1,0.724
183,7,1,0.724
184,7,1,0.724
185,7,0,0.724
186,7,0,0.724
187,7,0,0.724
188,7,0,0.724
189,7,1,0.724
190,7,0,0.724
191,7,1,0.724
192,7,0,0.724
193,7,1,0.724
194,7,1,0.724
195,7,1,0.724
196,7,1,0.724
197,7,0,0.724
198,7,1,0.724
199,7,1,0.724
200,7,1,0.724
201,7,1,0.724
202,7,1,0.724
203,7,0,0.724
204,7,0,0.724
205,7,1,0.724
206,7,0,0.724
207,7,1,0.724
208,7,1,0.724
209,7,1,0.724
210,7,1,0.724
211,7,0,0.724
212,7,0,0.724
213,7,1,0.724
214,7,0,0.724
215,7,1,0.724
216,7,0,0.724
217,7,0,0.724
218,7,1,0.724
219,7,1,0.724
220,7,1,0.724
221,7,0,0.724
222,7,1,0.724
223,7,0,0.724
224,7,1,0.724
225,7,1,0.724
226,7,1,0.724
227,7,1,0.724
228,7,1,0.724
229,7,1,0.724
230,7,0,0.724
231,7,0,0.724
232,7,0,0.724
233,7,0,0.724
234,7,1,0.724
235,7,0,0.724
236,7,0,0.724
237,7,1,0.724
238,7,0,0.724
239,7,0,0.724
240,7,1,0.724
241,7,0,0.724
242,7,0,0.724
243,7,0,0.724
244,7,0,0.724
245,7,0,0.724
246,7,0,0.724
247,7,0,0.724
248,7,1,0.724
249,7,1,0.724
250,7,1,0.724
1,8,1,0.166
2,8,0,0.166
3,8,1,0.166
4,8,0,0.166
5,8,1,0.166
6,8,1,0.166
7,8,1,0.166
8,8,0,0.166
9,8,1,0.166
10,8,0,0.166
11,8,1,0.166
12,8,1,0.166
13,8,0,0.166
14,8,0,0.166
15,8,0,0.166
16,8,1,0.166
17,8,0,0.166
18,8,1,0.166
19,8,1,0.166
20,8,1,0.166
21,8,1,0.166
22,8,0,0.166
23,8,1,0.166
24,8,0,0.166
25,8,1,0.166
26,8,1,0.166
27,8,0,0.166
28,8,1,0.166
29,8,0,0.166
30,8,0,0.166
31,8,1,0.166
32,8,1,0.166
33,8,1,0.166
34,8,1,0.166
35,8,1,0.166
36,8,1,0.166
37,8,1,0.166
38,8,1,0.166
39,8,0,0.166
40,8,1,0.166
41,8,1,0.166
42,8,1,0.166
43,8,1,0.166
44,8,1,0.166
45,8,0,0.166
46,8,1,0.166
47,8,0,0.166
48,8,1,0.166
49,8,1,0.166
50,8,0,0.166
51,8,0,0.166
52,8,1,0.166
53,8,1,0.166
54,8,1,0.166
55,8,1,0.166
56,8,0,0.166
57,8,1,0.166
58,8,0,0.166
59,8,0,0.166
60,8,1,0.166
61,8,1,0.166
62,8,0,0.166
63,8,0,0.166
64,8,1,0.166
65,8,1,0.166
66,8,1,0.166
67,8,1,0.166
68,8,1,0.166
69,8,1,0.166
70,8,1,0.166
71,8,1,0.166
72,8,1,0.166
73,8,1,0.166
74,8,1,0.166
75,8,1,0.166
76,8,0,0.166
77,8,1,0.166
78,8,0,0.166
79,8,1,0.166
80,8,1,0.166
81,8,0,0.166
82,8,1,0.166
83,8,0,0.166
84,8,0,0.166
85,8,1,0.166
86,8,1,0.166
87,8,1,0.166
88,8,1,0.166
89,8,0,0.166
90,8,1,0.166
91,8,0,0.166
92,8,1,0.166
93,8,1,0.166
94,8,0,0.166
95,8,1,0.166
96,8,1,0.166
97,8,1,0.166
98,8,1,0.166
99,8,1,0.166
100,8,1,0.166
101,8,1,0.166
102,8,1,0.166
103,8,0,0.166
104,8,1,0.166
105,8,1,0.166
106,8,1,0.166
107,8,0,0.166
108,8,1,0.166
109,8,1,0.166
110,8,1,0.166
111,8,0,0.166
112,8,1,0.166
113,8,1,0.166
114,8,1,0.166
115,8,0,0.166
116,8,0,0.166
117,8,1,0.166
118,8,1,0.166
119,8,0,0.166
120,8,1,0.166
121,8,1,0.166
122,8,0,0.166
123,8,1,0.166
124,8,1,0.166
125,8,1,0.166
126,8,1,0.166
127,8,1,0.166
128,8,0,0.166
129,8,0,0.166
130,8,0,0.166
131,8,1,0.166
132,8,1,0.166
133,8,0,0.166
134,8,0,0.166
135,8,1,0.166
136,8,1,0.166
137,8,1,0.166
138,8,0,0.166
139,8,1,0.166
140,8,1,0.166
141,8,0,0.166
142,8,1,0.166
143,8,1,0.166
144,8,1,0.166
145,8,1,0.166
146,8,1,0.166
147,8,1,0.166
148,8,1,0.166
149,8,1,0.166
150,8,0,0.166
151,8,1,0.166
152,8,1,0.166
153,8,0,0.166
154,8,0,0.166
155,8,1,0.166
156,8,1,0.166
157,8,1,0.166
158,8,1,0.166
159,8,1,0.166
160,8,1,0.166
161,8,1,0.166
162,8,1,0.166
163,8,0,0.166
164,8,0,0.166
165,8,1,0.166
166,8,1,0.166
167,8,0,0.166
168,8,1,0.166
169,8,1,0.166
170,8,0,0.166
171,8,0,0.166
172,8,0,0.166
173,8,0,0.166
174,8,0,0.166
175,8,0,0.166
176,8,1,0.166
177,8,1,0.166
178,8,1,0.166
179,8,1,0.166
180,8,1,0.166
181,8,1,0.166
182,8,1,0.166
183,8,1,0.166
184,8,1,0.166
185,8,1,0.166
186,8,1,0.166
187,8,0,0.166
188,8,1,0.166
189,8,0,0.166
190,8,0,0.166
191,8,1,0.166
192,8,0,0.166
193,8,1,0.166
194,8,1,0.166
195,8,0,0.166
196,8,1,0.166
197,8,1,0.166
198,8,1,0.166
199,8,1,0.166
200,8,1,0.166
201,8,0,0.166
202,8,1,0.166
203,8,0,0.166
204,8,1,0.166
205,8,1,0.166
206,8,1,0.166
207,8,1,0.166
208,8,0,0.166
209,8,1,0.166
210,8,1,0.166
211,8,1,0.166
212,8,1,0.166
213,8,1,0.166
214,8,1,0.166
215,8,0,0.166
216,8,1,0.166
217,8,1,0.166
218,8,1,0.166
219,8,1,0.166
220,8,1,0.166
221,8,0,0.166
222,8,0,0.166
223,8,0,0.166
224,8,1,0.166
225,8,1,0.166
226,8,1,0.166
227,8,1,0.166
228,8,1,0.166
229,8,0,0.166
230,8,1,0.166
231,8,0,0.166
232,8,1,0.166
233,8,1,0.166
234,8,1,0.166
235,8,0,0.166
236,8,1,0.166
237,8,0,0.166
238,8,1,0.166
239,8,1,0.166
240,8,0,0.166
241,8,1,0.166
242,8,1,0.166
243,8,0,0.166
244,8,1,0.166
245,8,0,0.166
246,8,0,0.166
247,8,0,0.166
248,8,0,0.166
249,8,0,0.166
250,8,0,0.166
1,9,0,3.884
2,9,0,3.884
3,9,1,3.884
4,9,0,3.884
5,9,0,3.884
6,9,0,3.884
7,9,0,3.884
8,9,0,3.884
9,9,0,3.884
10,9,0,3.884
11,9,0,3.884
12,9,0,3.884
13,9,0,3.884
14,9,0,3.884
15,9,0,3.884
16,9,0,3.884
17,9,0,3.884
18,9,0,3.884
19,9,1,3.884
20,9,0,3.884
21,9,0,3.884
22,9,0,3.884
23,9,0,3.884
24,9,0,3.884
25,9,0,3.884
26,9,0,3.884
27,9,0,3.884
28,9,0,3.884
29,9,0,3.884
30,9,0,3.884
31,9,0,3.884
32,9,0,3.884
33,9,0,3.884
34,9,0,3.884
35,9,1,3.884
36,9,0,3.884
37,9,0,3.884
38,9,0,3.884
39,9,1,3.884
40,9,0,3.884
41,9,0,3.884
42,9,1,3.884
43,9,1,3.884
44,9,0,3.884
45,9,0,3.884
46,9,0,3.884
47,9,0,3.884
48,9,1,3.884
49,9,0,3.884
50,9,1,3.884
51,9,1,3.884
52,9,0,3.884
53,9,0,3.884
54,9,0,3.884
55,9,0,3.884
56,9,0,3.884
57,9,0,3.884
58,9,0,3.884
59,9,0,3.884
60,9,0,3.884
61,9,0,3.884
62,9,1,3.884
63,9,0,3.884
64,9,1,3.884
65,9,0,3.884
66,9,0,3.884
67,9,0,3.884
68,9,0,3.884
69,9,0,3.884
70,9,0,3.884
71,9,0,3.884
72,9,1,3.884
73,9,0,3.884
74,9,0,3.884
75,9,0,3.884
76,9,0,3.884
77,9,0,3.884
78,9,0,3.884
79,9,0,3.884
80,9,1,3.884
81,9,0,3.884
82,9,0,3.884
83,9,0,3.884
84,9,1,3.884
85,9,0,3.884
86,9,0,3.884
87,9,0,3.884
88,9,0,3.884
89,9,0,3.884
90,9,0,3.884
91,9,0,3.884
92,9,0,3.884
93,9,0,3.884
94,9,0,3.884
95,9,1,3.884
96,9,0,3.884
97,9,0,3.884
98,9,1,3.884
99,9,0,3.884
100,9,0,3.884
101,9,0,3.884
102,9,0,3.884
103,9,1,3.884
104,9,0,3.884
105,9,0,3.884
106,9,0,3.884
107,9,0,3.884
108,9,0,3.884
109,9,0,3.884
110,9,0,3.884
111,9,0,3.884
112,9,0,3.884
113,9,0,3.884
114,9,0,3.884
115,9,1,3.884
116,9,1,3.884
117,9,0,3.884
118,9,1,3.884
119,9,0,3.884
120,9,0,3.884
121,9,0,3.884
122,9,0,3.884
123,9,1,3.884
124,9,1,3.884
125,9,0,3.884
126,9,1,3.884
127,9,0,3.884
128,9,1,3.884
129,9,0,3.884
130,9,0,3.884
131,9,0,3.884
132,9,0,3.884
133,9,0,3.884
134,9,0,3.884
135,9,1,3.884
136,9,0,3.884
137,9,0,3.884
138,9,0,3.884
139,9,0,3.884
140,9,1,3.884
141,9,1,3.884
142,9,0,3.884
143,9,0,3.884
144,9,1,3.884
145,9,0,3.884
146,9,0,3.884
147,9,0,3.884
148,9,0,3.884
149,9,0,3.884
150,9,0,3.884
151,9,0,3.884
152,9,0,3.884
153,9,0,3.884
154,9,0,3.884
155,9,0,3.884
156,9,0,3.884
157,9,0,3.884
158,9,0,3.884
159,9,1,3.884
160,9,1,3.884
161,9,1,3.884
162,9,1,3.884
163,9,0,3.884
164,9,0,3.884
165,9,0,3.884
166,9,0,3.884
167,9,1,3.884
168,9,0,3.884
169,9,1,3.884
170,9,0,3.884
171,9,0,3.884
172,9,0,3.884
173,9,0,3.884
174,9,0,3.884
175,9,0,3.884
176,9,0,3.884
177,9,0,3.884
178,9,1,3.884
179,9,0,3.884
180,9,0,3.884
181,9,0,3.884
182,9,1,3.884
183,9,1,3.884
184,9,0,3.884
185,9,0,3.884
186,9,0,3.884
187,9,0,3.884
188,9,0,3.884
189,9,0,3.884
190,9,0,3.884
191,9,0,3.884
192,9,0,3.884
193,9,0,3.884
194,9,0,3.884
195,9,0,3.884
196,9,1,3.884
197,9,0,3.884
198,9,0,3.884
199,9,0,3.884
200,9,0,3.884
201,9,1,3.884
202,9,0,3.884
203,9,0,3.884
204,9,0,3.884
205,9,0,3.884
206,9,0,3.884
207,9,0,3.884
208,9,0,3.884
209,9,0,3.884
210,9,0,3.884
211,9,1,3.884
212,9,0,3.884
213,9,0,3.884
214,9,0,3.884
215,9,1,3.884
216,9,0,3.884
217,9,0,3.884
218,9,0,3.884
219,9,0,3.884
220,9,0,3.884
221,9,0,3.884
222,9,0,3.884
223,9,0,3.884
224,9,0,3.884
225,9,0,3.884
226,9,0,3.884
227,9,0,3.884
228,9,0,3.884
229,9,0,3.884
230,9,0,3.884
231,9,0,3.884
232,9,0,3.884
233,9,0,3.884
234,9,0,3.884
235,9,0,3.884
236,9,0,3.884
237,9,0,3.884
238,9,0,3.884
239,9,0,3.884
240,9,0,3.884
241,9,0,3.884
242,9,0,3.884
243,9,1,3.884
244,9,0,3.884
245,9,0,3.884
246,9,0,3.884
247,9,0,3.884
248,9,0,3.884
249,9,0,3.884
250,9,0,3.884
1,10,0,4.236
2,10,0,4.236
3,10,1,4.236
4,10,0,4.236
5,10,0,4.236
6,10,0,4.236
7,10,0,4.236
8,10,1,4.236
9,10,0,4.236
10,10,1,4.236
11,10,0,4.236
12,10,0,4.236
13,10,1,4.236
14,10,0,4.236
15,10,0,4.236
16,10,0,4.236
17,10,1,4.236
18,10,0,4.236
19,10,0,4.236
20,10,0,4.236
21,10,0,4.236
22,10,0,4.236
23,10,0,4.236
24,10,0,4.236
25,10,0,4.236
26,10,0,4.236
27,10,1,4.236
28,10,0,4.236
29,10,0,4.236
30,10,0,4.236
31,10,0,4.236
32,10,0,4.236
33,10,0,4.236
34,10,0,4.236
35,10,0,4.236
36,10,0,4.236
37,10,1,4.236
38,10,0,4.236
39,10,0,4.236
40,10,0,4.236
41,10,0,4.236
42,10,0,4.236
43,10,0,4.236
44,10,0,4.236
45,10,1,4.236
46,10,0,4.236
47,10,0,4.236
48,10,0,4.236
49,10,0,4.236
50,10,0,4.236
51,10,0,4.236
52,10,0,4.236
53,10,0,4.236
54,10,0,4.236
55,10,0,4.236
56,10,1,4.236
57,10,0,4.236
58,10,0,4.236
59,10,1,4.236
60,10,0,4.236
61,10,0,4.236
62,10,1,4.236
63,10,0,4.236
64,10,0,4.236
65,10,0,4.236
66,10,1,4.236
67,10,0,4.236
68,10,0,4.236
69,10,0,4.236
70,10,0,4.236
71,10,0,4.236
72,10,0,4.236
73,10,0,4.236
74,10,0,4.236
75,10,0,4.236
76,10,0,4.236
77,10,0,4.236
78,10,0,4.236
79,10,0,4.236
80,10,1,4.236
81,10,0,4.236
82,10,0,4.236
83,10,0,4.236
84,10,1,4.236
85,10,0,4.236
86,10,0,4.236
87,10,0,4.236
88,10,0,4.236
89,10,1,4.236
90,10,0,4.236
91,10,1,4.236
92,10,0,4.236
93,10,0,4.236
94,10,0,4.236
95,10,1,4.236
96,10,0,4.236
97,10,0,4.236
98,10,0,4.236
99,10,0,4.236
100,10,0,4.236
101,10,0,4.236
102,10,1,4.236
103,10,0,4.236
104,10,0,4.236
105,10,0,4.236
106,10,0,4.236
107,10,0,4.236
108,10,0,4.236
109,10,0,4.236
110,10,0,4.236
111,10,1,4.236
112,10,0,4.236
113,10,0,4.236
114,10,0,4.236
115,10,0,4.236
116,10,0,4.236
117,10,0,4.236
118,10,0,4.236
119,10,0,4.236
120,10,0,4.236
121,10,0,4.236
122,10,0,4.236
123,10,0,4.236
124,10,0,4.236
125,10,0,4.236
126,10,0,4.236
127,10,1,4.236
128,10,1,4.236
129,10,0,4.236
130,10,1,4.236
131,10,0,4.236
132,10,0,4.236
133,10,1,4.236
134,10,0,4.236
135,10,0,4.236
136,10,0,4.236
137,10,0,4.236
138,10,0,4.236
139,10,0,4.236
140,10,0,4.236
141,10,1,4.236
142,10,0,4.236
143,10,0,4.236
144,10,1,4.236
145,10,1,4.236
146,10,0,4.236
147,10,0,4.236
148,10,0,4.236
149,10,0,4.236
150,10,0,4.236
151,10,0,4.236
152,10,0,4.236
153,10,0,4.236
154,10,0,4.236
155,10,1,4.236
156,10,0,4.236
157,10,0,4.236
158,10,0,4.236
159,10,0,4.236
160,10,0,4.236
161,10,0,4.236
162,10,0,4.236
163,10,0,4.236
164,10,0,4.236
165,10,0,4.236
166,10,0,4.236
167,10,1,4.236
168,10,0,4.236
169,10,0,4.236
170,10,1,4.236
171,10,0,4.236
172,10,0,4.236
173,10,0,4.236
174,10,0,4.236
175,10,1,4.236
176,10,0,4.236
177,10,0,4.236
178,10,0,4.236
179,10,0,4.236
180,10,0,4.236
181,10,0,4.236
182,10,0,4.236
183,10,0,4.236
184,10,1,4.236
185,10,0,4.236
186,10,0,4.236
187,10,0,4.236
188,10,0,4.236
189,10,0,4.236
190,10,0,4.236
191,10,0,4.236
192,10,0,4.236
193,10,0,4.236
194,10,0,4.236
195,10,0,4.236
196,10,0,4.236
197,10,0,4.236
198,10,1,4.236
199,10,0,4.236
200,10,0,4.236
201,10,0,4.236
202,10,0,4.236
203,10,1,4.236
204,10,0,4.236
205,10,0,4.236
206,10,0,4.236
207,10,0,4.236
208,10,0,4.236
209,10,0,4.236
210,10,0,4.236
211,10,1,4.236
212,10,0,4.236
213,10,0,4.236
214,10,0,4.236
215,10,1,4.236
216,10,0,4.236
217,10,0,4.236
218,10,0,4.236
219,10,0,4.236
220,10,0,4.236
221,10,0,4.236
222,10,1,4.236
223,10,0,4.236
224,10,0,4.236
225,10,1,4.236
226,10,0,4.236
227,10,0,4.236
228,10,0,4.236
229,10,0,4.236
230,10,0,4.236
231,10,0,4.236
232,10,0,4.236
233,10,0,4.236
234,10,0,4.236
235,10,0,4.236
236,10,0,4.236
237,10,1,4.236
238,10,0,4.236
239,10,0,4.236
240,10,0,4.236
241,10,0,4.236
242,10,1,4.236
243,10,0,4.236
244,10,0,4.236
245,10,1,4.236
246,10,0,4.236
247,10,0,4.236
248,10,0,4.236
249,10,0,4.236
250,10,0,4.236
1,11,0,0.88
2,11,1,0.88
3,11,1,0.88
4,11,0,0.88
5,11,0,0.88
6,11,1,0.88
7,11,0,0.88
8,11,1,0.88
9,11,0,0.88
10,11,0,0.88
11,11,1,0.88
12,11,1,0.88
13,11,0,0.88
14,11,1,0.88
15,11,0,0.88
16,11,0,0.88
17,11,0,0.88
18,11,0,0.88
19,11,1,0.88
20,11,0,0.88
21,11,1,0.88
22,11,1,0.88
23,11,0,0.88
24,11,1,0.88
25,11,1,0.88
26,11,0,0.88
27,11,0,0.88
28,11,0,0.88
29,11,0,0.88
30,11,0,0.88
31,11,1,0.88
32,11,0,0.88
33,11,0,0.88
34,11,1,0.88
35,11,1,0.88
36,11,0,0.88
37,11,1,0.88
38,11,1,0.88
39,11,1,0.88
40,11,1,0.88
41,11,0,0.88
42,11,0,0.88
43,11,1,0.88
44,11,1,0.88
45,11,1,0.88
46,11,1,0.88
47,11,0,0.88
48,11,0,0.88
49,11,1,0.88
50,11,0,0.88
51,11,0,0.88
52,11,0,0.88
53,11,1,0.88
54,11,1,0.88
55,11,0,0.88
56,11,0,0.88
57,11,1,0.88
58,11,0,0.88
59,11,1,0.88
60,11,0,0.88
61,11,1,0.88
62,11,1,0.88
63,11,0,0.88
64,11,0,0.88
65,11,1,0.88
66,11,0,0.88
67,11,1,0.88
68,11,0,0.88
69,11,1,0.88
70,11,0,0.88
71,11,0,0.88
72,11,1,0.88
73,11,1,0.88
74,11,0,0.88
75,11,1,0.88
76,11,1,0.88
77,11,0,0.88
78,11,0,0.88
79,11,1,0.88
80,11,0,0.88
81,11,0,0.88
82,11,1,0.88
83,11,0,0.88
84,11,1,0.88
85,11,0,0.88
86,11,1,0.88
87,11,0,0.88
88,11,1,0.88
89,11,1,0.88
90,11,0,0.88
91,11,0,0.88
92,11,0,0.88
93,11,0,0.88
94,11,1,0.88
95,11,0,0.88
96,11,0,0.88
97,11,0,0.88
98,11,1,0.88
99,11,0,0.88
100,11,1,0.88
101,11,1,0.88
102,11,1,0.88
103,11,1,0.88
104,11,1,0.88
105,11,0,0.88
106,11,1,0.88
107,11,1,0.88
108,11,0,0.88
109,11,1,0.88
110,11,0,0.88
111,11,0,0.88
112,11,0,0.88
113,11,1,0.88
114,11,1,0.88
115,11,0,0.88
116,11,1,0.88
117,11,1,0.88
118,11,1,0.88
119,11,1,0.88
120,11,0,0.88
121,11,1,0.88
122,11,1,0.88
123,11,0,0.88
124,11,0,0.88
125,11,0,0.88
126,11,0,0.88
127,11,1,0.88
128,11,1,0.88
129,11,0,0.88
130,11,1,0.88
131,11,1,0.88
132,11,1,0.88
133,11,1,0.88
134,11,0,0.88
135,11,0,0.88
136,11,1,0.88
137,11,1,0.88
138,11,1,0.88
139,11,1,0.88
140,11,0,0.88
141,11,0,0.88
142,11,0,0.88
143,11,0,0.88
144,11,0,0.88
145,11,1,0.88
146,11,0,0.88
147,11,0,0.88
148,11,1,0.88
149,11,0,0.88
150,11,1,0.88
151,11,0,0.88
152,11,0,0.88
153,11,1,0.88
154,11,0,0.88
155,11,1,0.88
156,11,1,0.88
157,11,0,0.88
158,11,0,0.88
159,11,0,0.88
160,11,1,0.88
161,11,1,0.88
162,11,1,0.88
163,11,0,0.88
164,11,0,0.88
165,11,0,0.88
166,11,0,0.88
167,11,0,0.88
168,11,1,0.88
169,11,1,0.88
170,11,0,0.88
171,11,0,0.88
172,11,1,0.88
173,11,0,0.88
174,11,1,0.88
175,11,1,0.88
176,11,0,0.88
177,11,0,0.88
178,11,1,0.88
179,11,1,0.88
180,11,0,0.88
181,11,0,0.88
182,11,1,0.88
183,11,1,0.88
184,11,1,0.88
185,11,1,0.88
186,11,0,0.88
187,11,1,0.88
188,11,1,0.88
189,11,1,0.88
190,11,1,0.88
191,11,0,0.88
192,11,0,0.88
193,11,1,0.88
194,11,0,0.88
195,11,1,0.88
196,11,0,0.88
197,11,0,0.88
198,11,0,0.88
199,11,0,0.88
200,11,1,0.88
201,11,1,0.88
202,11,1,0.88
203,11,0,0.88
204,11,1,0.88
205,11,0,0.88
206,11,0,0.88
207,11,1,0.88
208,11,1,0.88
209,11,1,0.88
210,11,1,0.88
211,11,0,0.88
212,11,1,0.88
213,11,0,0.88
214,11,0,0.88
215,11,1,0.88
216,11,1,0.88
217,11,1,0.88
218,11,1,0.88
219,11,0,0.88
220,11,0,0.88
221,11,0,0.88
222,11,0,0.88
223,11,0,0.88
224,11,1,0.88
225,11,0,0.88
226,11,1,0.88
227,11,0,0.88
228,11,0,0.88
229,11,0,0.88
230,11,1,0.88
231,11,1,0.88
232,11,1,0.88
233,11,1,0.88
234,11,1,0.88
235,11,0,0.88
236,11,1,0.88
237,11,0,0.88
238,11,1,0.88
239,11,1,0.88
240,11,1,0.88
241,11,0,0.88
242,11,1,0.88
243,11,0,0.88
244,11,1,0.88
245,11,0,0.88
246,11,0,0.88
247,11,0,0.88
248,11,0,0.88
249,11,1,0.88
250,11,1,0.88
1,12,1,0.16
2,12,1,0.16
3,12,1,0.16
4,12,1,0.16
5,12,1,0.16
6,12,1,0.16
7,12,0,0.16
8,12,0,0.16
9,12,1,0.16
10,12,0,0.16
11,12,1,0.16
12,12,1,0.16
13,12,1,0.16
14,12,1,0.16
15,12,1,0.16
16,12,0,0.16
17,12,0,0.16
18,12,0,0.16
19,12,0,0.16
20,12,1,0.16
21,12,1,0.16
22,12,1,0.16
23,12,1,0.16
24,12,0,0.16
25,12,0,0.16
26,12,1,0.16
27,12,1,0.16
28,12,1,0.16
29,12,0,0.16
30,12,1,0.16
31,12,1,0.16
32,12,0,0.16
33,12,0,0.16
34,12,1,0.16
35,12,0,0.16
36,12,1,0.16
37,12,0,0.16
38,12,0,0.16
39,12,1,0.16
40,12,0,0.16
41,12,1,0.16
42,12,0,0.16
43,12,1,0.16
44,12,1,0.16
45,12,0,0.16
46,12,1,0.16
47,12,1,0.16
48,12,0,0.16
49,12,0,0.16
50,12,0,0.16
51,12,1,0.16
52,12,0,0.16
53,12,0,0.16
54,12,1,0.16
55,12,1,0.16
56,12,1,0.16
57,12,0,0.16
58,12,1,0.16
59,12,1,0.16
60,12,0,0.16
61,12,1,0.16
62,12,0,0.16
63,12,1,0.16
64,12,1,0.16
65,12,0,0.16
66,12,1,0.16
67,12,0,0.16
68,12,1,0.16
69,12,1,0.16
70,12,1,0.16
71,12,0,0.16
72,12,0,0.16
73,12,1,0.16
74,12,0,0.16
75,12,1,0.16
76,12,0,0.16
77,12,1,0.16
78,12,0,0.16
79,12,0,0.16
80,12,1,0.16
81,12,0,0.16
82,12,1,0.16
83,12,1,0.16
84,12,0,0.16
85,12,1,0.16
86,12,1,0.16
87,12,1,0.16
88,12,1,0.16
89,12,0,0.16
90,12,1,0.16
91,12,0,0.16
92,12,1,0.16
93,12,1,0.16
94,12,0,0.16
95,12,1,0.16
96,12,0,0.16
97,12,1,0.16
98,12,1,0.16
99,12,1,0.16
100,12,1,0.16
101,12,0,0.16
102,12,1,0.16
103,12,0,0.16
104,12,1,0.16
105,12,0,0.16
106,12,1,0.16
107,12,1,0.16
108,12,1,0.16
109,12,1,0.16
110,12,1,0.16
111,12,1,0.16
112,12,0,0.16
113,12,1,0.16
114,12,0,0.16
115,12,1,0.16
116,12,1,0.16
117,12,1,0.16
118,12,1,0.16
119,12,0,0.16
120,12,1,0.16
121,12,1,0.16
122,12,1,0.16
123,12,0,0.16
124,12,0,0.16
125,12,1,0.16
126,12,0,0.16
127,12,1,0.16
128,12,0,0.16
129,12,1,0.16
130,12,1,0.16
131,12,1,0.16
132,12,0,0.16
133,12,1,0.16
134,12,0,0.16
135,12,1,0.16
136,12,0,0.16
137,12,1,0.16
138,12,1,0.16
139,12,1,0.16
140,12,1,0.16
141,12,1,0.16
142,12,1,0.16
143,12,1,0.16
144,12,0,0.16
145,12,1,0.16
146,12,1,0.16
147,12,1,0.16
148,12,1,0.16
149,12,1,0.16
150,12,1,0.16
151,12,1,0.16
152,12,1,0.16
153,12,0,0.16
154,12,1,0.16
155,12,1,0.16
156,12,0,0.16
157,12,1,0.16
158,12,0,0.16
159,12,0,0.16
160,12,0,0.16
161,12,0,0.16
162,12,1,0.16
163,12,0,0.16
164,12,0,0.16
165,12,1,0.16
166,12,1,0.16
167,12,1,0.16
168,12,1,0.16
169,12,0,0.16
170,12,1,0.16
171,12,1,0.16
172,12,1,0.16
173,12,1,0.16
174,12,1,0.16
175,12,1,0.16
176,12,1,0.16
177,12,1,0.16
178,12,1,0.16
179,12,0,0.16
180,12,1,0.16
181,12,0,0.16
182,12,1,0.16
183,12,0,0.16
184,12,1,0.16
185,12,1,0.16
186,12,0,0.16
187,12,1,0.16
188,12,0,0.16
189,12,0,0.16
190,12,1,0.16
191,12,1,0.16
192,12,1,0.16
193,12,0,0.16
194,12,1,0.16
195,12,1,0.16
196,12,1,0.16
197,12,1,0.16
198,12,1,0.16
199,12,0,0.16
200,12,1,0.16
201,12,1,0.16
202,12,1,0.16
203,12,1,0.16
204,12,1,0.16
205,12,1,0.16
206,12,1,0.16
207,12,1,0.16
208,12,1,0.16
209,12,1,0.16
210,12,1,0.16
211,12,1,0.16
212,12,1,0.16
213,12,1,0.16
214,12,0,0.16
215,12,1,0.16
216,12,1,0.16
217,12,1,0.16
218,12,1,0.16
219,12,1,0.16
220,12,1,0.16
221,12,1,0.16
222,12,1,0.16
223,12,0,0.16
224,12,1,0.16
225,12,1,0.16
226,12,1,0.16
227,12,1,0.16
228,12,0,0.16
229,12,1,0.16
230,12,0,0.16
231,12,1,0.16
232,12,0,0.16
233,12,1,0.16
234,12,0,0.16
235,12,0,0.16
236,12,1,0.16
237,12,0,0.16
238,12,1,0.16
239,12,1,0.16
240,12,0,0.16
241,12,0,0.16
242,12,1,0.16
243,12,1,0.16
244,12,1,0.16
245,12,0,0.16
246,12,1,0.16
247,12,1,0.16
248,12,1,0.16
249,12,1,0.16
250,12,0,0.16
1,13,1,0.592
2,13,1,0.592
3,13,0,0.592
4,13,1,0.592
5,13,1,0.592
6,13,1,0.592
7,13,1,0.592
8,13,0,0.592
9,13,1,0.592
10,13,1,0.592
11,13,1,0.592
12,13,1,0.592
13,13,0,0.592
14,13,0,0.592
15,13,1,0.592
16,13,0,0.592
17,13,1,0.592
18,13,0,0.592
19,13,0,0.592
20,13,1,0.592
21,13,0,0.592
22,13,1,0.592
23,13,0,0.592
24,13,1,0.592
25,13,1,0.592
26,13,1,0.592
27,13,0,0.592
28,13,0,0.592
29,13,1,0.592
30,13,0,0.592
31,13,1,0.592
32,13,1,0.592
33,13,0,0.592
34,13,0,0.592
35,13,1,0.592
36,13,1,0.592
37,13,1,0.592
38,13,1,0.592
39,13,1,0.592
40,13,1,0.592
41,13,1,0.592
42,13,0,0.592
43,13,1,0.592
44,13,1,0.592
45,13,0,0.592
46,13,0,0.592
47,13,1,0.592
48,13,1,0.592
49,13,1,0.592
50,13,0,0.592
51,13,0,0.592
52,13,1,0.592
53,13,0,0.592
54,13,1,0.592
55,13,1,0.592
56,13,1,0.592
57,13,0,0.592
58,13,1,0.592
59,13,1,0.592
60,13,1,0.592
61,13,1,0.592
62,13,1,0.592
63,13,1,0.592
64,13,1,0.592
65,13,1,0.592
66,13,0,0.592
67,13,1,0.592
68,13,0,0.592
69,13,0,0.592
70,13,1,0.592
71,13,0,0.592
72,13,0,0.592
73,13,0,0.592
74,13,1,0.592
75,13,1,0.592
76,13,0,0.592
77,13,1,0.592
78,13,1,0.592
79,13,1,0.592
80,13,1,0.592
81,13,1,0.592
82,13,0,0.592
83,13,1,0.592
84,13,1,0.592
85,13,1,0.592
86,13,1,0.592
87,13,1,0.592
88,13,1,0.592
89,13,1,0.592
90,13,0,0.592
91,13,1,0.592
92,13,1,0.592
93,13,0,0.592
94,13,0,0.592
95,13,0,0.592
96,13,1,0.592
97,13,1,0.592
98,13,1,0.592
99,13,0,0.592
100,13,1,0.592
101,13,0,0.592
102,13,1,0.592
103,13,1,0.592
104,13,0,0.592
105,13,0,0.592
106,13,0,0.592
107,13,0,0.592
108,13,0,0.592
109,13,1,0.592
110,13,1,0.592
111,13,1,0.592
112,13,1,0.592
113,13,0,0.592
114,13,1,0.592
115,13,0,0.592
116,13,0,0.592
117,13,1,0.592
118,13,0,0.592
119,13,1,0.592
120,13,1,0.592
121,13,1,0.592
122,13,1,0.592
123,13,1,0.592
124,13,0,0.592
125,13,0,0.592
126,13,1,0.592
127,13,1,0.592
128,13,1,0.592
129,13,1,0.592
130,13,1,0.592
131,13,1,0.592
132,13,0,0.592
133,13,1,0.592
134,13,0,0.592
135,13,1,0.592
136,13,1,0.592
137,13,0,0.592
138,13,1,0.592
139,13,1,0.592
140,13,0,0.592
141,13,1,0.592
142,13,1,0.592
143,13,1,0.592
144,13,0,0.592
145,13,1,0.592
146,13,0,0.592
147,13,0,0.592
148,13,1,0.592
149,13,0,0.592
150,13,0,0.592
151,13,1,0.592
152,13,1,0.592
153,13,1,0.592
154,13,0,0.592
155,13,1,0.592
156,13,1,0.592
157,13,1,0.592
158,13,1,0.592
159,13,0,0.592
160,13,0,0.592
161,13,1,0.592
162,13,1,0.592
163,13,0,0.592
164,13,0,0.592
165,13,1,0.592
166,13,1,0.592
167,13,1,0.592
168,13,1,0.592
169,13,1,0.592
170,13,0,0.592
171,13,1,0.592
172,13,0,0.592
173,13,1,0.592
174,13,0,0.592
175,13,1,0.592
176,13,1,0.592
177,13,0,0.592
178,13,0,0.592
179,13,1,0.592
180,13,0,0.592
181,13,1,0.592
182,13,0,0.592
183,13,1,0.592
184,13,0,0.592
185,13,1,0.592
186,13,0,0.592
187,13,1,0.592
188,13,0,0.592
189,13,0,0.592
190,13,0,0.592
191,13,1,0.592
192,13,1,0.592
193,13,1,0.592
194,13,1,0.592
195,13,0,0.592
196,13,0,0.592
197,13,0,0.592
198,13,1,0.592
199,13,0,0.592
200,13,0,0.592
201,13,1,0.592
202,13,0,0.592
203,13,0,0.592
204,13,0,0.592
205,13,1,0.592
206,13,1,0.592
207,13,1,0.592
208,13,1,0.592
209,13,1,0.592
210,13,1,0.592
211,13,0,0.592
212,13,1,0.592
213,13,0,0.592
214,13,1,0.592
215,13,1,0.592
216,13,0,0.592
217,13,1,0.592
218,13,1,0.592
219,13,0,0.592
220,13,0,0.592
221,13,0,0.592
222,13,0,0.592
223,13,0,0.592
224,13,1,0.592
225,13,0,0.592
226,13,1,0.592
227,13,1,0.592
228,13,0,0.592
229,13,0,0.592
230,13,1,0.592
231,13,1,0.592
232,13,1,0.592
233,13,0,0.592
234,13,0,0.592
235,13,1,0.592
236,13,0,0.592
237,13,0,0.592
238,13,0,0.592
239,13,1,0.592
240,13,0,0.592
241,13,0,0.592
242,13,1,0.592
243,13,1,0.592
244,13,1,0.592
245,13,0,0.592
246,13,1,0.592
247,13,1,0.592
248,13,0,0.592
249,13,1,0.592
250,13,1,0.592
1,14,1,0.322
2,14,1,0.322
3,14,0,0.322
4,14,1,0.322
5,14,0,0.322
6,14,1,0.322
7,14,1,0.322
8,14,0,0.322
9,14,0,0.322
10,14,1,0.322
11,14,1,0.322
12,14,1,0.322
13,14,1,0.322
14,14,1,0.322
15,14,1,0.322
16,14,1,0.322
17,14,0,0.322
18,14,0,0.322
19,14,0,0.322
20,14,1,0.322
21,14,0,0.322
22,14,1,0.322
23,14,1,0.322
24,14,0,0.322
25,14,0,0.322
26,14,1,0.322
27,14,1,0.322
28,14,1,0.322
29,14,1,0.322
30,14,1,0.322
31,14,1,0.322
32,14,0,0.322
33,14,0,0.322
34,14,1,0.322
35,14,0,0.322
36,14,1,0.322
37,14,1,0.322
38,14,1,0.322
39,14,0,0.322
40,14,0,0.322
41,14,1,0.322
42,14,1,0.322
43,14,0,0.322
44,14,1,0.322
45,14,1,0.322
46,14,1,0.322
47,14,1,0.322
48,14,1,0.322
49,14,0,0.322
50,14,1,0.322
51,14,0,0.322
52,14,0,0.322
53,14,1,0.322
54,14,1,0.322
55,14,1,0.322
56,14,0,0.322
57,14,1,0.322
58,14,1,0.322
59,14,0,0.322
60,14,1,0.322
61,14,1,0.322
62,14,1,0.322
63,14,0,0.322
64,14,0,0.322
65,14,1,0.322
66,14,1,0.322
67,14,0,0.322
68,14,1,0.322
69,14,1,0.322
70,14,1,0.322
71,14,1,0.322
72,14,1,0.322
73,14,1,0.322
74,14,1,0.322
75,14,0,0.322
76,14,1,0.322
77,14,1,0.322
78,14,0,0.322
79,14,0,0.322
80,14,1,0.322
81,14,0,0.322
82,14,1,0.322
83,14,1,0.322
84,14,0,0.322
85,14,0,0.322
86,14,1,0.322
87,14,1,0.322
88,14,1,0.322
89,14,1,0.322
90,14,1,0.322
91,14,0,0.322
92,14,1,0.322
93,14,0,0.322
94,14,1,0.322
95,14,1,0.322
96,14,1,0.322
97,14,1,0.322
98,14,0,0.322
99,14,0,0.322
100,14,1,0.322
101,14,0,0.322
102,14,1,0.322
103,14,0,0.322
104,14,0,0.322
105,14,1,0.322
106,14,0,0.322
107,14,0,0.322
108,14,1,0.322
109,14,0,0.322
110,14,1,0.322
111,14,1,0.322
112,14,1,0.322
113,14,0,0.322
114,14,1,0.322
115,14,0,0.322
116,14,1,0.322
117,14,1,0.322
118,14,1,0.322
119,14,1,0.322
120,14,1,0.322
121,14,1,0.322
122,14,1,0.322
123,14,1,0.322
124,14,1,0.322
125,14,1,0.322
126,14,0,0.322
127,14,1,0.322
128,14,1,0.322
129,14,1,0.322
130,14,0,0.322
131,14,1,0.322
132,14,1,0.322
133,14,0,0.322
134,14,0,0.322
135,14,1,0.322
136,14,0,0.322
137,14,0,0.322
138,14,1,0.322
139,14,1,0.322
140,14,1,0.322
141,14,1,0.322
142,14,1,0.322
143,14,1,0.322
144,14,0,0.322
145,14,1,0.322
146,14,0,0.322
147,14,1,0.322
148,14,1,0.322
149,14,1,0.322
150,14,1,0.322
151,14,1,0.322
152,14,1,0.322
153,14,0,0.322
154,14,0,0.322
155,14,1,0.322
156,14,0,0.322
157,14,1,0.322
158,14,1,0.322
159,14,0,0.322
160,14,0,0.322
161,14,1,0.322
162,14,0,0.322
163,14,1,0.322
164,14,1,0.322
165,14,1,0.322
166,14,0,0.322
167,14,1,0.322
168,14,1,0.322
169,14,1,0.322
170,14,1,0.322
171,14,1,0.322
172,14,0,0.322
173,14,1,0.322
174,14,0,0.322
175,14,0,0.322
176,14,0,0.322
177,14,0,0.322
178,14,1,0.322
179,14,0,0.322
180,14,1,0.322
181,14,0,0.322
182,14,1,0.322
183,14,0,0.322
184,14,1,0.322
185,14,1,0.322
186,14,1,0.322
187,14,1,0.322
188,14,1,0.322
189,14,1,0.322
190,14,1,0.322
191,14,1,0.322
192,14,0,0.322
193,14,0,0.322
194,14,1,0.322
195,14,0,0.322
196,14,0,0.322
197,14,0,0.322
198,14,1,0.322
199,14,1,0.322
200,14,1,0.322
201,14,1,0.322
202,14,0,0.322
203,14,0,0.322
204,14,0,0.322
205,14,1,0.322
206,14,1,0.322
207,14,0,0.322
208,14,0,0.322
209,14,1,0.322
210,14,1,0.322
211,14,1,0.322
212,14,0,0.322
213,14,1,0.322
214,14,1,0.322
215,14,1,0.322
216,14,1,0.322
217,14,1,0.322
218,14,1,0.322
219,14,1,0.322
220,14,1,0.322
221,14,1,0.322
222,14,1,0.322
223,14,1,0.322
224,14,1,0.322
225,14,1,0.322
226,14,1,0.322
227,14,1,0.322
228,14,1,0.322
229,14,1,0.322
230,14,1,0.322
231,14,1,0.322
232,14,1,0.322
233,14,1,0.322
234,14,0,0.322
235,14,1,0.322
236,14,1,0.322
237,14,0,0.322
238,14,1,0.322
239,14,0,0.322
240,14,0,0.322
241,14,1,0.322
242,14,0,0.322
243,14,1,0.322
244,14,0,0.322
245,14,0,0.322
246,14,0,0.322
247,14,0,0.322
248,14,1,0.322
249,14,1,0.322
250,14,0,0.322
1,15,0,0.317
2,15,1,0.317
3,15,0,0.317
4,15,0,0.317
5,15,1,0.317
6,15,0,0.317
7,15,1,0.317
8,15,1,0.317
9,15,1,0.317
10,15,0,0.317
11,15,1,0.317
12,15,0,0.317
13,15,0,0.317
14,15,0,0.317
15,15,1,0.317
16,15,1,0.317
17,15,0,0.317
18,15,1,0.317
19,15,1,0.317
20,15,1,0.317
21,15,1,0.317
22,15,1,0.317
23,15,1,0.317
24,15,1,0.317
25,15,1,0.317
26,15,1,0.317
27,15,0,0.317
28,15,0,0.317
29,15,1,0.317
30,15,0,0.317
31,15,1,0.317
32,15,0,0.317
33,15,0,0.317
34,15,1,0.317
35,15,1,0.317
36,15,1,0.317
37,15,1,0.317
38,15,1,0.317
39,15,0,0.317
40,15,0,0.317
41,15,0,0.317
42,15,0,0.317
43,15,0,0.317
44,15,1,0.317
45,15,1,0.317
46,15,1,0.317
47,15,0,0.317
48,15,0,0.317
49,15,1,0.317
50,15,1,0.317
51,15,0,0.317
52,15,0,0.317
53,15,1,0.317
54,15,1,0.317
55,15,1,0.317
56,15,1,0.317
57,15,1,0.317
58,15,1,0.317
59,15,0,0.317
60,15,1,0.317
61,15,1,0.317
62,15,0,0.317
63,15,1,0.317
64,15,1,0.317
65,15,0,0.317
66,15,1,0.317
67,15,1,0.317
68,15,1,0.317
69,15,1,0.317
70,15,1,0.317
71,15,1,0.317
72,15,0,0.317
73,15,0,0.317
74,15,1,0.317
75,15,1,0.317
76,15,1,0.317
77,15,1,0.317
78,15,1,0.317
79,15,1,0.317
80,15,1,0.317
81,15,1,0.317
82,15,1,0.317
83,15,1,0.317
84,15,1,0.317
85,15,0,0.317
86,15,0,0.317
87,15,0,0.317
88,15,1,0.317
89,15,1,0.317
90,15,1,0.317
91,15,0,0.317
92,15,1,0.317
93,15,0,0.317
94,15,1,0.317
95,15,0,0.317
96,15,0,0.317
97,15,1,0.317
98,15,1,0.317
99,15,1,0.317
100,15,0,0.317
101,15,0,0.317
102,15,1,0.317
103,15,1,0.317
104,15,0,0.317
105,15,0,0.317
106,15,1,0.317
107,15,0,0.317
108,15,1,0.317
109,15,1,0.317
110,15,1,0.317
111,15,1,0.317
112,15,1,0.317
113,15,0,0.317
114,15,1,0.317
115,15,0,0.317
116,15,0,0.317
117,15,1,0.317
118,15,0,0.317
119,15,1,0.317
120,15,0,0.317
121,15,1,0.317
122,15,1,0.317
123,15,1,0.317
124,15,1,0.317
125,15,1,0.317
126,15,0,0.317
127,15,1,0.317
128,15,1,0.317
129,15,0,0.317
130,15,0,0.317
131,15,1,0.317
132,15,0,0.317
133,15,0,0.317
134,15,0,0.317
135,15,1,0.317
136,15,1,0.317
137,15,1,0.317
138,15,0,0.317
139,15,1,0.317
140,15,1,0.317
141,15,1,0.317
142,15,1,0.317
143,15,1,0.317
144,15,0,0.317
145,15,0,0.317
146,15,1,0.317
147,15,1,0.317
148,15,1,0.317
149,15,0,0.317
150,15,1,0.317
151,15,1,0.317
152,15,0,0.317
153,15,1,0.317
154,15,1,0.317
155,15,0,0.317
156,15,1,0.317
157,15,0,0.317
158,15,1,0.317
159,15,0,0.317
160,15,1,0.317
161,15,1,0.317
162,15,0,0.317
163,15,0,0.317
164,15,1,0.317
165,15,1,0.317
166,15,0,0.317
167,15,0,0.317
168,15,1,0.317
169,15,1,0.317
170,15,1,0.317
171,15,1,0.317
172,15,0,0.317
173,15,1,0.317
174,15,0,0.317
175,15,1,0.317
176,15,1,0.317
177,15,1,0.317
178,15,0,0.317
179,15,1,0.317
180,15,1,0.317
181,15,0,0.317
182,15,0,0.317
183,15,0,0.317
184,15,1,0.317
185,15,1,0.317
186,15,0,0.317
187,15,1,0.317
188,15,0,0.317
189,15,0,0.317
190,15,0,0.317
191,15,1,0.317
192,15,1,0.317
193,15,0,0.317
194,15,1,0.317
195,15,0,0.317
196,15,1,0.317
197,15,0,0.317
198,15,1,0.317
199,15,1,0.317
200,15,1,0.317
201,15,0,0.317
202,15,0,0.317
203,15,0,0.317
204,15,0,0.317
205,15,0,0.317
206,15,0,0.317
207,15,1,0.317
208,15,1,0.317
209,15,1,0.317
210,15,1,0.317
211,15,0,0.317
212,15,1,0.317
213,15,1,0.317
214,15,0,0.317
215,15,0,0.317
216,15,0,0.317
217,15,1,0.317
218,15,1,0.317
219,15,1,0.317
220,15,1,0.317
221,15,0,0.317
222,15,1,0.317
223,15,0,0.317
224,15,0,0.317
225,15,1,0.317
226,15,1,0.317
227,15,1,0.317
228,15,0,0.317
229,15,1,0.317
230,15,1,0.317
231,15,0,0.317
232,15,1,0.317
233,15,1,0.317
234,15,1,0.317
235,15,0,0.317
236,15,1,0.317
237,15,1,0.317
238,15,1,0.317
239,15,1,0.317
240,15,0,0.317
241,15,1,0.317
242,15,1,0.317
243,15,0,0.317
244,15,0,0.317
245,15,1,0.317
246,15,1,0.317
247,15,1,0.317
248,15,0,0.317
249,15,1,0.317
250,15,1,0.317
1,16,0,1.301
2,16,0,1.301
3,16,0,1.301
4,16,0,1.301
5,16,1,1.301
6,16,1,1.301
7,16,1,1.301
8,16,0,1.301
9,16,0,1.301
10,16,0,1.301
11,16,0,1.301
12,16,0,1.301
13,16,1,1.301
14,16,0,1.301
15,16,1,1.301
16,16,0,1.301
17,16,0,1.301
18,16,0,1.301
19,16,1,1.301
20,16,0,1.301
21,16,0,1.301
22,16,0,1.301
23,16,0,1.301
24,16,1,1.301
25,16,0,1.301
26,16,1,1.301
27,16,0,1.301
28,16,1,1.301
29,16,1,1.301
30,16,1,1.301
31,16,1,1.301
32,16,0,1.301
33,16,1,1.301
34,16,1,1.301
35,16,1,1.301
36,16,1,1.301
37,16,0,1.301
38,16,1,1.301
39,16,0,1.301
40,16,1,1.301
41,16,0,1.301
42,16,1,1.301
43,16,0,1.301
44,16,1,1.301
45,16,1,1.301
46,16,0,1.301
47,16,1,1.301
48,16,1,1.301
49,16,1,1.301
50,16,0,1.301
51,16,0,1.301
52,16,0,1.301
53,16,0,1.301
54,16,1,1.301
55,16,0,1.301
56,16,1,1.301
57,16,0,1.301
58,16,1,1.301
59,16,1,1.301
60,16,1,1.301
61,16,0,1.301
62,16,0,1.301
63,16,0,1.301
64,16,0,1.301
65,16,0,1.301
66,16,1,1.301
67,16,1,1.301
68,16,1,1.301
69,16,0,1.301
70,16,0,1.301
71,16,1,1.301
72,16,0,1.301
73,16,1,1.301
74,16,1,1.301
75,16,0,1.301
76,16,1,1.301
77,16,1,1.301
78,16,1,1.301
79,16,0,1.301
80,16,1,1.301
81,16,1,1.301
82,16,1,1.301
83,16,1,1.301
84,16,0,1.301
85,16,1,1.301
86,16,1,1.301
87,16,0,1.301
88,16,0,1.301
89,16,1,1.301
90,16,0,1.301
91,16,0,1.301
92,16,0,1.301
93,16,1,1.301
94,16,0,1.301
95,16,1,1.301
96,16,1,1.301
97,16,1,1.301
98,16,0,1.301
99,16,0,1.301
100,16,0,1.301
101,16,0,1.301
102,16,0,1.301
103,16,0,1.301
104,16,1,1.301
105,16,0,1.301
106,16,0,1.301
107,16,1,1.301
108,16,0,1.301
109,16,1,1.301
110,16,0,1.301
111,16,1,1.301
112,16,1,1.301
113,16,0,1.301
114,16,1,1.301
115,16,0,1.301
116,16,1,1.301
117,16,1,1.301
118,16,0,1.301
119,16,1,1.301
120,16,0,1.301
121,16,0,1.301
122,16,0,1.301
123,16,0,1.301
124,16,0,1.301
125,16,1,1.301
126,16,1,1.301
127,16,1,1.301
128,16,0,1.301
129,16,0,1.301
130,16,0,1.301
131,16,1,1.301
132,16,0,1.301
133,16,1,1.301
134,16,1,1.301
135,16,1,1.301
136,16,1,1.301
137,16,1,1.301
138,16,0,1.301
139,16,0,1.301
140,16,1,1.301
141,16,0,1.301
142,16,0,1.301
143,16,0,1.301
144,16,0,1.301
145,16,0,1.301
146,16,1,1.301
147,16,0,1.301
148,16,1,1.301
149,16,0,1.301
150,16,0,1.301
151,16,1,1.301
152,16,0,1.301
153,16,0,1.301
154,16,0,1.301
155,16,1,1.301
156,16,1,1.301
157,16,1,1.301
158,16,0,1.301
159,16,0,1.301
160,16,0,1.301
161,16,1,1.301
162,16,0,1.301
163,16,1,1.301
164,16,1,1.301
165,16,1,1.301
166,16,1,1.301
167,16,1,1.301
168,16,1,1.301
169,16,0,1.301
170,16,1,1.301
171,16,0,1.301
172,16,1,1.301
173,16,0,1.301
174,16,0,1.301
175,16,0,1.301
176,16,1,1.301
177,16,1,1.301
178,16,1,1.301
179,16,0,1.301
180,16,0,1.301
181,16,1,1.301
182,16,1,1.301
183,16,1,1.301
184,16,1,1.301
185,16,1,1.301
186,16,0,1.301
187,16,1,1.301
188,16,0,1.301
189,16,0,1.301
190,16,0,1.301
191,16,1,1.301
192,16,0,1.301
193,16,1,1.301
194,16,0,1.301
195,16,0,1.301
196,16,1,1.301
197,16,0,1.301
198,16,0,1.301
199,16,1,1.301
200,16,1,1.301
201,16,1,1.301
202,16,0,1.301
203,16,0,1.301
204,16,0,1.301
205,16,1,1.301
206,16,0,1.301
207,16,1,1.301
208,16,0,1.301
209,16,1,1.301
210,16,0,1.301
211,16,0,1.301
212,16,0,1.301
213,16,0,1.301
214,16,0,1.301
215,16,1,1.301
216,16,0,1.301
217,16,0,1.301
218,16,0,1.301
219,16,0,1.301
220,16,1,1.301
221,16,0,1.301
222,16,0,1.301
223,16,1,1.301
224,16,1,1.301
225,16,0,1.301
226,16,0,1.301
227,16,1,1.301
228,16,1,1.301
229,16,0,1.301
230,16,0,1.301
231,16,1,1.301
232,16,1,1.301
233,16,0,1.301
234,16,0,1.301
235,16,1,1.301
236,16,0,1.301
237,16,1,1.301
238,16,1,1.301
239,16,0,1.301
240,16,0,1.301
241,16,1,1.301
242,16,1,1.301
243,16,0,1.301
244,16,0,1.301
245,16,1,1.301
246,16,0,1.301
247,16,0,1.301
248,16,1,1.301
249,16,0,1.301
250,16,1,1.301
1,17,0,1.043
2,17,1,1.043
3,17,1,1.043
4,17,0,1.043
5,17,1,1.043
6,17,0,1.043
7,17,1,1.043
8,17,0,1.043
9,17,1,1.043
10,17,1,1.043
11,17,1,1.043
12,17,0,1.043
13,17,1,1.043
14,17,1,1.043
15,17,1,1.043
16,17,1,1.043
17,17,1,1.043
18,17,0,1.043
19,17,1,1.043
20,17,0,1.043
21,17,0,1.043
22,17,0,1.043
23,17,0,1.043
24,17,1,1.043
25,17,0,1.043
26,17,1,1.043
27,17,1,1.043
28,17,1,1.043
29,17,0,1.043
30,17,1,1.043
31,17,0,1.043
32,17,1,1.043
33,17,0,1.043
34,17,1,1.043
35,17,0,1.043
36,17,1,1.043
37,17,0,1.043
38,17,1,1.043
39,17,1,1.043
40,17,0,1.043
41,17,1,1.043
42,17,0,1.043
43,17,1,1.043
44,17,1,1.043
45,17,1,1.043
46,17,1,1.043
47,17,1,1.043
48,17,1,1.043
49,17,1,1.043
50,17,1,1.043
51,17,1,1.043
52,17,1,1.043
53,17,0,1.043
54,17,1,1.043
55,17,0,1.043
56,17,0,1.043
57,17,1,1.043
58,17,0,1.043
59,17,0,1.043
60,17,0,1.043
61,17,0,1.043
62,17,0,1.043
63,17,0,1.043
64,17,1,1.043
65,17,1,1.043
66,17,1,1.043
67,17,0,1.043
68,17,0,1.043
69,17,1,1.043
70,17,0,1.043
71,17,1,1.043
72,17,0,1.043
73,17,1,1.043
74,17,1,1.043
75,17,1,1.043
76,17,1,1.043
77,17,1,1.043
78,17,1,1.043
79,17,0,1.043
80,17,0,1.043
81,17,0,1.043
82,17,0,1.043
83,17,1,1.043
84,17,1,1.043
85,17,1,1.043
86,17,0,1.043
87,17,0,1.043
88,17,0,1.043
89,17,0,1.043
90,17,0,1.043
91,17,0,1.043
92,17,1,1.043
93,17,0,1.043
94,17,0,1.043
95,17,1,1.043
96,17,1,1.043
97,17,1,1.043
98,17,1,1.043
99,17,0,1.043
100,17,0,1.043
101,17,1,1.043
102,17,0,1.043
103,17,1,1.043
104,17,1,1.043
105,17,1,1.043
106,17,0,1.043
107,17,1,1.043
108,17,1,1.043
109,17,1,1.043
110,17,0,1.043
111,17,1,1.043
112,17,1,1.043
113,17,0,1.043
114,17,0,1.043
115,17,1,1.043
116,17,0,1.043
117,17,1,1.043
118,17,1,1.043
119,17,1,1.043
120,17,1,1.043
121,17,1,1.043
122,17,1,1.043
123,17,1,1.043
124,17,0,1.043
125,17,1,1.043
126,17,0,1.043
127,17,1,1.043
128,17,0,1.043
129,17,0,1.043
130,17,0,1.043
131,17,0,1.043
132,17,1,1.043
133,17,0,1.043
134,17,0,1.043
135,17,1,1.043
136,17,0,1.043
137,17,1,1.043
138,17,0,1.043
139,17,1,1.043
140,17,1,1.043
141,17,1,1.043
142,17,1,1.043
143,17,0,1.043
144,17,0,1.043
145,17,1,1.043
146,17,0,1.043
147,17,0,1.043
148,17,0,1.043
149,17,1,1.043
150,17,1,1.043
151,17,1,1.043
152,17,1,1.043
153,17,0,1.043
154,17,1,1.043
155,17,0,1.043
156,17,0,1.043
157,17,0,1.043
158,17,1,1.043
159,17,1,1.043
160,17,0,1.043
161,17,0,1.043
162,17,1,1.043
163,17,1,1.043
164,17,0,1.043
165,17,1,1.043
166,17,0,1.043
167,17,1,1.043
168,17,0,1.043
169,17,0,1.043
170,17,1,1.043
171,17,0,1.043
172,17,1,1.043
173,17,1,1.043
174,17,0,1.043
175,17,0,1.043
176,17,0,1.043
177,17,0,1.043
178,17,0,1.043
179,17,1,1.043
180,17,1,1.043
181,17,0,1.043
182,17,0,1.043
183,17,1,1.043
184,17,1,1.043
185,17,0,1.043
186,17,0,1.043
187,17,0,1.043
188,17,1,1.043
189,17,0,1.043
190,17,0,1.043
191,17,0,1.043
192,17,0,1.043
193,17,0,1.043
194,17,0,1.043
195,17,0,1.043
196,17,0,1.043
197,17,1,1.043
198,17,1,1.043
199,17,0,1.043
200,17,0,1.043
201,17,1,1.043
202,17,0,1.043
203,17,1,1.043
204,17,0,1.043
205,17,1,1.043
206,17,1,1.043
207,17,1,1.043
208,17,1,1.043
209,17,0,1.043
210,17,0,1.043
211,17,0,1.043
212,17,1,1.043
213,17,0,1.043
214,17,1,1.043
215,17,1,1.043
216,17,1,1.043
217,17,1,1.043
218,17,0,1.043
219,17,1,1.043
220,17,0,1.043
221,17,1,1.043
222,17,1,1.043
223,17,0,1.043
224,17,1,1.043
225,17,0,1.043
226,17,1,1.043
227,17,1,1.043
228,17,0,1.043
229,17,0,1.043
230,17,1,1.043
231,17,0,1.043
232,17,1,1.043
233,17,0,1.043
234,17,1,1.043
235,17,1,1.043
236,17,0,1.043
237,17,0,1.043
238,17,1,1.043
239,17,1,1.043
240,17,1,1.043
241,17,1,1.043
242,17,0,1.043
243,17,0,1.043
244,17,0,1.043
245,17,1,1.043
246,17,0,1.043
247,17,1,1.043
248,17,1,1.043
249,17,1,1.043
250,17,0,1.043
1,18,1,1.329
2,18,0,1.329
3,18,1,1.329
4,18,0,1.329
5,18,1,1.329
6,18,0,1.329
7,18,1,1.329
8,18,0,1.329
9,18,0,1.329
10,18,0,1.329
11,18,0,1.329
12,18,0,1.329
13,18,0,1.329
14,18,0,1.329
15,18,1,1.329
16,18,1,1.329
17,18,0,1.329
18,18,0,1.329
19,18,1,1.329
20,18,0,1.329
21,18,1,1.329
22,18,0,1.329
23,18,0,1.329
24,18,0,1.329
25,18,1,1.329
26,18,0,1.329
27,18,1,1.329
28,18,0,1.329
29,18,1,1.329
30,18,0,1.329
31,18,0,1.329
32,18,0,1.329
33,18,0,1.329
34,18,0,1.329
35,18,1,1.329
36,18,1,1.329
37,18,1,1.329
38,18,0,1.329
39,18,1,1.329
40,18,0,1.329
41,18,0,1.329
42,18,0,1.329
43,18,0,1.329
44,18,0,1.329
45,18,1,1.329
46,18,0,1.329
47,18,1,1.329
48,18,1,1.329
49,18,1,1.329
50,18,0,1.329
51,18,1,1.329
52,18,1,1.329
53,18,0,1.329
54,18,1,1.329
55,18,1,1.329
56,18,1,1.329
57,18,1,1.329
58,18,1,1.329
59,18,0,1.329
60,18,0,1.329
61,18,0,1.329
62,18,0,1.329
63,18,1,1.329
64,18,0,1.329
65,18,0,1.329
66,18,1,1.329
67,18,0,1.329
68,18,1,1.329
69,18,1,1.329
70,18,1,1.329
71,18,0,1.329
72,18,0,1.329
73,18,0,1.329
74,18,0,1.329
75,18,0,1.329
76,18,1,1.329
77,18,0,1.329
78,18,0,1.329
79,18,0,1.329
80,18,1,1.329
81,18,0,1.329
82,18,1,1.329
83,18,0,1.329
84,18,1,1.329
85,18,0,1.329
86,18,1,1.329
87,18,0,1.329
88,18,0,1.329
89,18,0,1.329
90,18,0,1.329
91,18,0,1.329
92,18,1,1.329
93,18,1,1.329
94,18,0,1.329
95,18,0,1.329
96,18,1,1.329
97,18,0,1.329
98,18,0,1.329
99,18,1,1.329
100,18,1,1.329
101,18,0,1.329
102,18,0,1.329
103,18,0,1.329
104,18,0,1.329
105,18,0,1.329
106,18,1,1.329
107,18,0,1.329
108,18,1,1.329
109,18,1,1.329
110,18,0,1.329
111,18,1,1.329
112,18,0,1.329
113,18,0,1.329
114,18,0,1.329
115,18,0,1.329
116,18,0,1.329
117,18,0,1.329
118,18,1,1.329
119,18,0,1.329
120,18,1,1.329
121,18,0,1.329
122,18,1,1.329
123,18,0,1.329
124,18,0,1.329
125,18,0,1.329
126,18,0,1.329
127,18,0,1.329
128,18,0,1.329
129,18,0,1.329
130,18,0,1.329
131,18,1,1.329
132,18,1,1.329
133,18,1,1.329
134,18,0,1.329
135,18,1,1.329
136,18,0,1.329
137,18,1,1.329
138,18,1,1.329
139,18,1,1.329
140,18,0,1.329
141,18,0,1.329
142,18,1,1.329
143,18,0,1.329
144,18,0,1.329
145,18,0,1.329
146,18,0,1.329
147,18,0,1.329
148,18,0,1.329
149,18,0,1.329
150,18,1,1.329
151,18,1,1.329
152,18,1,1.329
153,18,0,1.329
154,18,0,1.329
155,18,0,1.329
156,18,0,1.329
157,18,0,1.329
158,18,0,1.329
159,18,1,1.329
160,18,1,1.329
161,18,0,1.329
162,18,0,1.329
163,18,0,1.329
164,18,0,1.329
165,18,0,1.329
166,18,0,1.329
167,18,0,1.329
168,18,0,1.329
169,18,0,1.329
170,18,0,1.329
171,18,1,1.329
172,18,0,1.329
173,18,0,1.329
174,18,1,1.329
175,18,0,1.329
176,18,0,1.329
177,18,1,1.329
178,18,0,1.329
179,18,0,1.329
180,18,0,1.329
181,18,1,1.329
182,18,0,1.329
183,18,0,1.329
184,18,1,1.329
185,18,0,1.329
186,18,0,1.329
187,18,0,1.329
188,18,1,1.329
189,18,0,1.329
190,18,0,1.329
191,18,0,1.329
192,18,0,1.329
193,18,0,1.329
194,18,0,1.329
195,18,1,1.329
196,18,0,1.329
197,18,0,1.329
198,18,1,1.329
199,18,0,1.329
200,18,1,1.329
201,18,0,1.329
202,18,0,1.329
203,18,0,1.329
204,18,0,1.329
205,18,1,1.329
206,18,1,1.329
207,18,0,1.329
208,18,0,1.329
209,18,1,1.329
210,18,0,1.329
211,18,0,1.329
212,18,1,1.329
213,18,0,1.329
214,18,0,1.329
215,18,1,1.329
216,18,0,1.329
217,18,0,1.329
218,18,0,1.329
219,18,1,1.329
220,18,0,1.329
221,18,0,1.329
222,18,0,1.329
223,18,0,1.329
224,18,0,1.329
225,18,1,1.329
226,18,1,1.329
227,18,0,1.329
228,18,0,1.329
229,18,0,1.329
230,18,1,1.329
231,18,1,1.329
232,18,0,1.329
233,18,0,1.329
234,18,1,1.329
235,18,1,1.329
236,18,0,1.329
237,18,0,1.329
238,18,1,1.329
239,18,1,1.329
240,18,0,1.329
241,18,0,1.329
242,18,0,1.329
243,18,0,1.329
244,18,0,1.329
245,18,1,1.329
246,18,1,1.329
247,18,0,1.329
248,18,0,1.329
249,18,1,1.329
250,18,1,1.329
1,19,0,2.694
2,19,1,2.694
3,19,0,2.694
4,19,0,2.694
5,19,0,2.694
6,19,0,2.694
7,19,0,2.694
8,19,1,2.694
9,19,0,2.694
10,19,0,2.694
11,19,0,2.694
12,19,1,2.694
13,19,1,2.694
14,19,0,2.694
15,19,0,2.694
16,19,0,2.694
17,19,1,2.694
18,19,1,2.694
19,19,0,2.694
20,19,0,2.694
21,19,0,2.694
22,19,0,2.694
23,19,0,2.694
24,19,1,2.694
25,19,0,2.694
26,19,0,2.694
27,19,1,2.694
28,19,0,2.694
29,19,0,2.694
30,19,0,2.694
31,19,0,2.694
32,19,0,2.694
33,19,0,2.694
34,19,0,2.694
35,19,0,2.694
36,19,1,2.694
37,19,0,2.694
38,19,0,2.694
39,19,1,2.694
40,19,0,2.694
41,19,0,2.694
42,19,0,2.694
43,19,1,2.694
44,19,0,2.694
45,19,0,2.694
46,19,0,2.694
47,19,0,2.694
48,19,0,2.694
49,19,0,2.694
50,19,0,2.694
51,19,1,2.694
52,19,0,2.694
53,19,0,2.694
54,19,1,2.694
55,19,1,2.694
56,19,0,2.694
57,19,1,2.694
58,19,0,2.694
59,19,1,2.694
60,19,0,2.694
61,19,1,2.694
62,19,0,2.694
63,19,0,2.694
64,19,0,2.694
65,19,0,2.694
66,19,0,2.694
67,19,0,2.694
68,19,0,2.694
69,19,1,2.694
70,19,0,2.694
71,19,1,2.694
72,19,1,2.694
73,19,1,2.694
74,19,0,2.694
75,19,1,2.694
76,19,0,2.694
77,19,0,2.694
78,19,0,2.694
79,19,1,2.694
80,19,0,2.694
81,19,0,2.694
82,19,0,2.694
83,19,0,2.694
84,19,0,2.694
85,19,0,2.694
86,19,0,2.694
87,19,0,2.694
88,19,0,2.694
89,19,0,2.694
90,19,0,2.694
91,19,0,2.694
92,19,0,2.694
93,19,0,2.694
94,19,0,2.694
95,19,0,2.694
96,19,0,2.694
97,19,0,2.694
98,19,1,2.694
99,19,0,2.694
100,19,1,2.694
101,19,0,2.694
102,19,0,2.694
103,19,0,2.694
104,19,1,2.694
105,19,0,2.694
106,19,1,2.694
107,19,1,2.694
108,19,0,2.694
109,19,1,2.694
110,19,0,2.694
111,19,0,2.694
112,19,0,2.694
113,19,0,2.694
114,19,0,2.694
115,19,1,2.694
116,19,1,2.694
117,19,1,2.694
118,19,0,2.694
119,19,0,2.694
120,19,0,2.694
121,19,0,2.694
122,19,0,2.694
123,19,0,2.694
124,19,0,2.694
125,19,0,2.694
126,19,0,2.694
127,19,1,2.694
128,19,0,2.694
129,19,1,2.694
130,19,0,2.694
131,19,1,2.694
132,19,1,2.694
133,19,0,2.694
134,19,0,2.694
135,19,1,2.694
136,19,0,2.694
137,19,1,2.694
138,19,0,2.694
139,19,0,2.694
140,19,0,2.694
141,19,0,2.694
142,19,1,2.694
143,19,0,2.694
144,19,1,2.694
145,19,0,2.694
146,19,0,2.694
147,19,0,2.694
148,19,0,2.694
149,19,0,2.694
150,19,0,2.694
151,19,0,2.694
152,19,0,2.694
153,19,0,2.694
154,19,0,2.694
155,19,0,2.694
156,19,0,2.694
157,19,0,2.694
158,19,0,2.694
159,19,0,2.694
160,19,0,2.694
161,19,0,2.694
162,19,0,2.694
163,19,0,2.694
164,19,0,2.694
165,19,0,2.694
166,19,0,2.694
167,19,0,2.694
168,19,0,2.694
169,19,0,2.694
170,19,0,2.694
171,19,0,2.694
172,19,0,2.694
173,19,0,2.694
174,19,0,2.694
175,19,0,2.694
176,19,0,2.694
177,19,0,2.694
178,19,0,2.694
179,19,1,2.694
180,19,0,2.694
181,19,0,2.694
182,19,1,2.694
183,19,1,2.694
184,19,0,2.694
185,19,0,2.694
186,19,1,2.694
187,19,0,2.694
188,19,0,2.694
189,19,0,2.694
190,19,0,2.694
191,19,0,2.694
192,19,0,2.694
193,19,0,2.694
194,19,0,2.694
195,19,0,2.694
196,19,0,2.694
197,19,1,2.694
198,19,1,2.694
199,19,0,2.694
200,19,0,2.694
201,19,0,2.694
202,19,1,2.694
203,19,1,2.694
204,19,0,2.694
205,19,0,2.694
206,19,0,2.694
207,19,0,2.694
208,19,0,2.694
209,19,0,2.694
210,19,0,2.694
211,19,0,2.694
212,19,0,2.694
213,19,1,2.694
214,19,0,2.694
215,19,0,2.694
216,19,0,2.694
217,19,0,2.694
218,19,0,2.694
219,19,0,2.694
220,19,0,2.694
221,19,1,2.694
222,19,1,2.694
223,19,0,2.694
224,19,0,2.694
225,19,1,2.694
226,19,0,2.694
227,19,0,2.694
228,19,0,2.694
229,19,1,2.694
230,19,0,2.694
231,19,1,2.694
232,19,1,2.694
233,19,0,2.694
234,19,0,2.694
235,19,0,2.694
236,19,0,2.694
237,19,0,2.694
238,19,0,2.694
239,19,0,2.694
240,19,0,2.694
241,19,0,2.694
242,19,1,2.694
243,19,0,2.694
244,19,0,2.694
245,19,0,2.694
246,19,1,2.694
247,19,0,2.694
248,19,0,2.694
249,19,0,2.694
250,19,0,2.694
1,20,1,0.31
2,20,0,0.31
3,20,1,0.31
4,20,1,0.31
5,20,1,0.31
6,20,0,0.31
7,20,0,0.31
8,20,0,0.31
9,20,0,0.31
10,20,1,0.31
11,20,0,0.31
12,20,1,0.31
13,20,1,0.31
14,20,1,0.31
15,20,1,0.31
16,20,1,0.31
17,20,0,0.31
18,20,0,0.31
19,20,0,0.31
20,20,1,0.31
21,20,1,0.31
22,20,0,0.31
23,20,0,0.31
24,20,0,0.31
25,20,1,0.31
26,20,1,0.31
27,20,0,0.31
28,20,1,0.31
29,20,1,0.31
30,20,0,0.31
31,20,1,0.31
32,20,0,0.31
33,20,1,0.31
34,20,1,0.31
35,20,0,0.31
36,20,1,0.31
37,20,1,0.31
38,20,1,0.31
39,20,1,0.31
40,20,1,0.31
41,20,1,0.31
42,20,0,0.31
43,20,1,0.31
44,20,0,0.31
45,20,0,0.31
46,20,0,0.31
47,20,0,0.31
48,20,1,0.31
49,20,1,0.31
50,20,1,0.31
51,20,1,0.31
52,20,1,0.31
53,20,1,0.31
54,20,1,0.31
55,20,1,0.31
56,20,1,0.31
57,20,1,0.31
58,20,0,0.31
59,20,1,0.31
60,20,1,0.31
61,20,1,0.31
62,20,1,0.31
63,20,0,0.31
64,20,1,0.31
65,20,1,0.31
66,20,1,0.31
67,20,0,0.31
68,20,1,0.31
69,20,1,0.31
70,20,1,0.31
71,20,0,0.31
72,20,1,0.31
73,20,1,0.31
74,20,1,0.31
75,20,1,0.31
76,20,1,0.31
77,20,1,0.31
78,20,0,0.31
79,20,1,0.31
80,20,1,0.31
81,20,0,0.31
82,20,1,0.31
83,20,0,0.31
84,20,1,0.31
85,20,1,0.31
86,20,0,0.31
87,20,1,0.31
88,20,1,0.31
89,20,1,0.31
90,20,0,0.31
91,20,1,0.31
92,20,1,0.31
93,20,1,0.31
94,20,1,0.31
95,20,1,0.31
96,20,0,0.31
97,20,1,0.31
98,20,0,0.31
99,20,1,0.31
100,20,1,0.31
101,20,0,0.31
102,20,1,0.31
103,20,1,0.31
104,20,0,0.31
105,20,1,0.31
106,20,1,0.31
107,20,1,0.31
108,20,1,0.31
109,20,1,0.31
110,20,0,0.31
111,20,1,0.31
112,20,0,0.31
113,20,1,0.31
114,20,1,0.31
115,20,1,0.31
116,20,1,0.31
117,20,1,0.31
118,20,1,0.31
119,20,0,0.31
120,20,0,0.31
121,20,1,0.31
122,20,1,0.31
123,20,1,0.31
124,20,0,0.31
125,20,1,0.31
126,20,1,0.31
127,20,0,0.31
128,20,1,0.31
129,20,1,0.31
130,20,0,0.31
131,20,1,0.31
132,20,1,0.31
133,20,0,0.31
134,20,0,0.31
135,20,1,0.31
136,20,1,0.31
137,20,0,0.31
138,20,0,0.31
139,20,1,0.31
140,20,1,0.31
141,20,1,0.31
142,20,1,0.31
143,20,1,0.31
144,20,1,0.31
145,20,1,0.31
146,20,1,0.31
147,20,1,0.31
148,20,1,0.31
149,20,1,0.31
150,20,0,0.31
151,20,1,0.31
152,20,1,0.31
153,20,1,0.31
154,20,1,0.31
155,20,0,0.31
156,20,1,0.31
157,20,0,0.31
158,20,1,0.31
159,20,0,0.31
160,20,0,0.31
161,20,1,0.31
162,20,0,0.31
163,20,1,0.31
164,20,1,0.31
165,20,1,0.31
166,20,0,0.31
167,20,1,0.31
168,20,1,0.31
169,20,1,0.31
170,20,0,0.31
171,20,1,0.31
172,20,0,0.31
173,20,1,0.31
174,20,1,0.31
175,20,0,0.31
176,20,1,0.31
177,20,1,0.31
178,20,1,0.31
179,20,0,0.31
180,20,1,0.31
181,20,1,0.31
182,20,0,0.31
183,20,0,0.31
184,20,1,0.31
185,20,1,0.31
186,20,1,0.31
187,20,1,0.31
188,20,1,0.31
189,20,1,0.31
190,20,1,0.31
191,20,1,0.31
192,20,0,0.31
193,20,1,0.31
194,20,1,0.31
195,20,0,0.31
196,20,0,0.31
197,20,1,0.31
198,20,1,0.31
199,20,1,0.31
200,20,1,0.31
201,20,1,0.31
202,20,1,0.31
203,20,0,0.31
204,20,1,0.31
205,20,0,0.31
206,20,0,0.31
207,20,1,0.31
208,20,1,0.31
209,20,1,0.31
210,20,1,0.31
211,20,1,0.31
212,20,1,0.31
213,20,0,0.31
214,20,1,0.31
215,20,1,0.31
216,20,1,0.31
217,20,0,0.31
218,20,0,0.31
219,20,0,0.31
220,20,1,0.31
221,20,0,0.31
222,20,0,0.31
223,20,0,0.31
224,20,1,0.31
225,20,0,0.31
226,20,0,0.31
227,20,1,0.31
228,20,1,0.31
229,20,0,0.31
230,20,1,0.31
231,20,1,0.31
232,20,1,0.31
233,20,1,0.31
234,20,0,0.31
235,20,1,0.31
236,20,0,0.31
237,20,1,0.31
238,20,1,0.31
239,20,1,0.31
240,20,1,0.31
241,20,0,0.31
242,20,1,0.31
243,20,1,0.31
244,20,0,0.31
245,20,1,0.31
246,20,0,0.31
247,20,0,0.31
248,20,1,0.31
249,20,1,0.31
250,20,1,0.31
1,21,1,1.076
2,21,1,1.076
3,21,0,1.076
4,21,1,1.076
5,21,1,1.076
6,21,1,1.076
7,21,1,1.076
8,21,1,1.076
9,21,1,1.076
10,21,1,1.076
11,21,0,1.076
12,21,0,1.076
13,21,1,1.076
14,21,0,1.076
15,21,0,1.076
16,21,0,1.076
17,21,1,1.076
18,21,1,1.076
19,21,0,1.076
20,21,0,1.076
21,21,0,1.076
22,21,1,1.076
23,21,0,1.076
24,21,0,1.076
25,21,0,1.076
26,21,0,1.076
27,21,1,1.076
28,21,1,1.076
29,21,1,1.076
30,21,1,1.076
31,21,1,1.076
32,21,0,1.076
33,21,1,1.076
34,21,1,1.076
35,21,0,1.076
36,21,1,1.076
37,21,1,1.076
38,21,1,1.076
39,21,0,1.076
40,21,0,1.076
41,21,0,1.076
42,21,0,1.076
43,21,1,1.076
44,21,1,1.076
45,21,1,1.076
46,21,1,1.076
47,21,1,1.076
48,21,0,1.076
49,21,1,1.076
50,21,0,1.076
51,21,1,1.076
52,21,0,1.076
53,21,0,1.076
54,21,1,1.076
55,21,0,1.076
56,21,0,1.076
57,21,1,1.076
58,21,1,1.076
59,21,1,1.076
60,21,0,1.076
61,21,1,1.076
62,21,0,1.076
63,21,0,1.076
64,21,0,1.076
65,21,0,1.076
66,21,1,1.076
67,21,0,1.076
68,21,1,1.076
69,21,0,1.076
70,21,0,1.076
71,21,0,1.076
72,21,1,1.076
73,21,1,1.076
74,21,0,1.076
75,21,1,1.076
76,21,0,1.076
77,21,0,1.076
78,21,1,1.076
79,21,0,1.076
80,21,1,1.076
81,21,0,1.076
82,21,0,1.076
83,21,1,1.076
84,21,1,1.076
85,21,0,1.076
86,21,1,1.076
87,21,1,1.076
88,21,1,1.076
89,21,1,1.076
90,21,1,1.076
91,21,1,1.076
92,21,0,1.076
93,21,0,1.076
94,21,1,1.076
95,21,0,1.076
96,21,1,1.076
97,21,0,1.076
98,21,1,1.076
99,21,0,1.076
100,21,1,1.076
101,21,1,1.076
102,21,0,1.076
103,21,0,1.076
104,21,1,1.076
105,21,0,1.076
106,21,1,1.076
107,21,1,1.076
108,21,1,1.076
109,21,1,1.076
110,21,1,1.076
111,21,1,1.076
112,21,1,1.076
113,21,1,1.076
114,21,1,1.076
115,21,0,1.076
116,21,1,1.076
117,21,1,1.076
118,21,1,1.076
119,21,1,1.076
120,21,1,1.076
121,21,1,1.076
122,21,1,1.076
123,21,0,1.076
124,21,1,1.076
125,21,0,1.076
126,21,1,1.076
127,21,1,1.076
128,21,0,1.076
129,21,1,1.076
130,21,0,1.076
131,21,0,1.076
132,21,1,1.076
133,21,1,1.076
134,21,1,1.076
135,21,0,1.076
136,21,0,1.076
137,21,1,1.076
138,21,1,1.076
139,21,0,1.076
140,21,1,1.076
141,21,1,1.076
142,21,0,1.076
143,21,0,1.076
144,21,1,1.076
145,21,0,1.076
146,21,0,1.076
147,21,0,1.076
148,21,0,1.076
149,21,0,1.076
150,21,1,1.076
151,21,1,1.076
152,21,0,1.076
153,21,0,1.076
154,21,0,1.076
155,21,0,1.076
156,21,0,1.076
157,21,0,1.076
158,21,1,1.076
159,21,0,1.076
160,21,1,1.076
161,21,1,1.076
162,21,1,1.076
163,21,0,1.076
164,21,0,1.076
165,21,1,1.076
166,21,1,1.076
167,21,0,1.076
168,21,1,1.076
169,21,1,1.076
170,21,1,1.076
171,21,1,1.076
172,21,0,1.076
173,21,1,1.076
174,21,0,1.076
175,21,0,1.076
176,21,1,1.076
177,21,0,1.076
178,21,1,1.076
179,21,0,1.076
180,21,0,1.076
181,21,0,1.076
182,21,0,1.076
183,21,0,1.076
184,21,1,1.076
185,21,1,1.076
186,21,0,1.076
187,21,0,1.076
188,21,0,1.076
189,21,1,1.076
190,21,1,1.076
191,21,0,1.076
192,21,0,1.076
193,21,0,1.076
194,21,0,1.076
195,21,0,1.076
196,21,0,1.076
197,21,0,1.076
198,21,1,1.076
199,21,0,1.076
200,21,1,1.076
201,21,0,1.076
202,21,0,1.076
203,21,1,1.076
204,21,0,1.076
205,21,0,1.076
206,21,0,1.076
207,21,1,1.076
208,21,0,1.076
209,21,1,1.076
210,21,0,1.076
211,21,1,1.076
212,21,1,1.076
213,21,0,1.076
214,21,1,1.076
215,21,1,1.076
216,21,0,1.076
217,21,0,1.076
218,21,0,1.076
219,21,1,1.076
220,21,0,1.076
221,21,0,1.076
222,21,1,1.076
223,21,1,1.076
224,21,1,1.076
225,21,1,1.076
226,21,0,1.076
227,21,0,1.076
228,21,1,1.076
229,21,0,1.076
230,21,1,1.076
231,21,1,1.076
232,21,0,1.076
233,21,0,1.076
234,21,1,1.076
235,21,1,1.076
236,21,1,1.076
237,21,0,1.076
238,21,1,1.076
239,21,0,1.076
240,21,1,1.076
241,21,1,1.076
242,21,0,1.076
243,21,1,1.076
244,21,0,1.076
245,21,0,1.076
246,21,1,1.076
247,21,0,1.076
248,21,1,1.076
249,21,0,1.076
250,21,1,1.076
1,22,1,1.394
2,22,0,1.394
3,22,1,1.394
4,22,1,1.394
5,22,1,1.394
6,22,1,1.394
7,22,1,1.394
8,22,1,1.394
9,22,0,1.394
10,22,1,1.394
11,22,0,1.394
12,22,1,1.394
13,22,0,1.394
14,22,0,1.394
15,22,0,1.394
16,22,0,1.394
17,22,0,1.394
18,22,1,1.394
19,22,1,1.394
20,22,0,1.394
21,22,1,1.394
22,22,0,1.394
23,22,0,1.394
24,22,1,1.394
25,22,0,1.394
26,22,0,1.394
27,22,1,1.394
28,22,1,1.394
29,22,0,1.394
30,22,1,1.394
31,22,0,1.394
32,22,0,1.394
33,22,0,1.394
34,22,0,1.394
35,22,0,1.394
36,22,0,1.394
37,22,0,1.394
38,22,0,1.394
39,22,0,1.394
40,22,1,1.394
41,22,0,1.394
42,22,0,1.394
43,22,1,1.394
44,22,1,1.394
45,22,1,1.394
46,22,0,1.394
47,22,0,1.394
48,22,1,1.394
49,22,1,1.394
50,22,1,1.394
51,22,1,1.394
52,22,0,1.394
53,22,0,1.394
54,22,0,1.394
55,22,1,1.394
56,22,0,1.394
57,22,0,1.394
58,22,1,1.394
59,22,1,1.394
60,22,0,1.394
61,22,1,1.394
62,22,1,1.394
63,22,0,1.394
64,22,0,1.394
65,22,0,1.394
66,22,1,1.394
67,22,1,1.394
68,22,0,1.394
69,22,0,1.394
70,22,0,1.394
71,22,1,1.394
72,22,1,1.394
73,22,1,1.394
74,22,1,1.394
75,22,1,1.394
76,22,0,1.394
77,22,0,1.394
78,22,0,1.394
79,22,0,1.394
80,22,1,1.394
81,22,0,1.394
82,22,1,1.394
83,22,1,1.394
84,22,1,1.394
85,22,0,1.394
86,22,1,1.394
87,22,0,1.394
88,22,0,1.394
89,22,0,1.394
90,22,1,1.394
91,22,0,1.394
92,22,1,1.394
93,22,1,1.394
94,22,1,1.394
95,22,1,1.394
96,22,0,1.394
97,22,1,1.394
98,22,0,1.394
99,22,1,1.394
100,22,0,1.394
101,22,0,1.394
102,22,1,1.394
103,22,1,1.394
104,22,1,1.394
105,22,0,1.394
106,22,1,1.394
107,22,0,1.394
108,22,0,1.394
109,22,1,1.394
110,22,1,1.394
111,22,0,1.394
112,22,1,1.394
113,22,0,1.394
114,22,1,1.394
115,22,0,1.394
116,22,0,1.394
117,22,0,1.394
118,22,1,1.394
119,22,0,1.394
120,22,0,1.394
121,22,1,1.394
122,22,0,1.394
123,22,0,1.394
124,22,0,1.394
125,22,0,1.394
126,22,1,1.394
127,22,0,1.394
128,22,0,1.394
129,22,0,1.394
130,22,0,1.394
131,22,0,1.394
132,22,1,1.394
133,22,0,1.394
134,22,0,1.394
135,22,1,1.394
136,22,1,1.394
137,22,1,1.394
138,22,1,1.394
139,22,1,1.394
140,22,0,1.394
141,22,0,1.394
142,22,0,1.394
143,22,0,1.394
144,22,1,1.394
145,22,1,1.394
146,22,0,1.394
147,22,1,1.394
148,22,0,1.394
149,22,1,1.394
150,22,0,1.394
151,22,0,1.394
152,22,0,1.394
153,22,1,1.394
154,22,0,1.394
155,22,1,1.394
156,22,0,1.394
157,22,1,1.394
158,22,1,1.394
159,22,1,1.394
160,22,0,1.394
161,22,1,1.394
162,22,0,1.394
163,22,0,1.394
164,22,0,1.394
165,22,0,1.394
166,22,1,1.394
167,22,0,1.394
168,22,1,1.394
169,22,0,1.394
170,22,0,1.394
171,22,0,1.394
172,22,0,1.394
173,22,0,1.394
174,22,1,1.394
175,22,0,1.394
176,22,0,1.394
177,22,0,1.394
178,22,1,1.394
179,22,1,1.394
180,22,1,1.394
181,22,0,1.394
182,22,0,1.394
183,22,1,1.394
184,22,0,1.394
185,22,1,1.394
186,22,1,1.394
187,22,0,1.394
188,22,0,1.394
189,22,0,1.394
190,22,0,1.394
191,22,0,1.394
192,22,0,1.394
193,22,1,1.394
194,22,0,1.394
195,22,1,1.394
196,22,1,1.394
197,22,1,1.394
198,22,0,1.394
199,22,0,1.394
200,22,0,1.394
201,22,0,1.394
202,22,0,1.394
203,22,0,1.394
204,22,1,1.394
205,22,0,1.394
206,22,0,1.394
207,22,0,1.394
208,22,1,1.394
209,22,0,1.394
210,22,0,1.394
211,22,1,1.394
212,22,1,1.394
213,22,1,1.394
214,22,0,1.394
215,22,0,1.394
216,22,1,1.394
217,22,0,1.394
218,22,1,1.394
219,22,1,1.394
220,22,1,1.394
221,22,0,1.394
222,22,0,1.394
223,22,1,1.394
224,22,0,1.394
225,22,1,1.394
226,22,0,1.394
227,22,1,1.394
228,22,0,1.394
229,22,0,1.394
230,22,0,1.394
231,22,1,1.394
232,22,0,1.394
233,22,1,1.394
234,22,1,1.394
235,22,1,1.394
236,22,1,1.394
237,22,1,1.394
238,22,0,1.394
239,22,0,1.394
240,22,0,1.394
241,22,0,1.394
242,22,0,1.394
243,22,0,1.394
244,22,0,1.394
245,22,1,1.394
246,22,0,1.394
247,22,1,1.394
248,22,0,1.394
249,22,0,1.394
250,22,0,1.394
1,23,0,1.922
2,23,1,1.922
3,23,1,1.922
4,23,0,1.922
5,23,0,1.922
6,23,1,1.922
7,23,1,1.922
8,23,0,1.922
9,23,1,1.922
10,23,0,1.922
11,23,1,1.922
12,23,0,1.922
13,23,0,1.922
14,23,1,1.922
15,23,0,1.922
16,23,0,1.922
17,23,0,1.922
18,23,0,1.922
19,23,0,1.922
20,23,0,1.922
21,23,0,1.922
22,23,0,1.922
23,23,0,1.922
24,23,0,1.922
25,23,0,1.922
26,23,0,1.922
27,23,0,1.922
28,23,0,1.922
29,23,0,1.922
30,23,0,1.922
31,23,0,1.922
32,23,0,1.922
33,23,0,1.922
34,23,1,1.922
35,23,0,1.922
36,23,0,1.922
37,23,1,1.922
38,23,0,1.922
39,23,0,1.922
40,23,1,1.922
41,23,0,1.922
42,23,0,1.922
43,23,1,1.922
44,23,0,1.922
45,23,0,1.922
46,23,0,1.922
47,23,0,1.922
48,23,1,1.922
49,23,0,1.922
50,23,1,1.922
51,23,1,1.922
52,23,0,1.922
53,23,0,1.922
54,23,1,1.922
55,23,0,1.922
56,23,0,1.922
57,23,0,1.922
58,23,0,1.922
59,23,1,1.922
60,23,0,1.922
61,23,0,1.922
62,23,1,1.922
63,23,0,1.922
64,23,1,1.922
65,23,0,1.922
66,23,1,1.922
67,23,0,1.922
68,23,0,1.922
69,23,0,1.922
70,23,0,1.922
71,23,0,1.922
72,23,0,1.922
73,23,1,1.922
74,23,0,1.922
75,23,0,1.922
76,23,0,1.922
77,23,0,1.922
78,23,0,1.922
79,23,1,1.922
80,23,0,1.922
81,23,0,1.922
82,23,0,1.922
83,23,0,1.922
84,23,0,1.922
85,23,0,1.922
86,23,0,1.922
87,23,0,1.922
88,23,0,1.922
89,23,1,1.922
90,23,0,1.922
91,23,0,1.922
92,23,0,1.922
93,23,1,1.922
94,23,0,1.922
95,23,1,1.922
96,23,1,1.922
97,23,0,1.922
98,23,1,1.922
99,23,0,1.922
100,23,0,1.922
101,23,1,1.922
102,23,0,1.922
103,23,0,1.922
104,23,0,1.922
105,23,0,1.922
106,23,0,1.922
107,23,0,1.922
108,23,1,1.922
109,23,1,1.922
110,23,1,1.922
111,23,0,1.922
112,23,1,1.922
113,23,0,1.922
114,23,0,1.922
115,23,1,1.922
116,23,0,1.922
117,23,1,1.922
118,23,0,1.922
119,23,0,1.922
120,23,1,1.922
121,23,0,1.922
122,23,0,1.922
123,23,0,1.922
124,23,1,1.922
125,23,0,1.922
126,23,1,1.922
127,23,1,1.922
128,23,1,1.922
129,23,0,1.922
130,23,0,1.922
131,23,0,1.922
132,23,0,1.922
133,23,0,1.922
134,23,1,1.922
135,23,0,1.922
136,23,0,1.922
137,23,1,1.922
138,23,0,1.922
139,23,0,1.922
140,23,1,1.922
141,23,1,1.922
142,23,1,1.922
143,23,0,1.922
144,23,1,1.922
145,23,1,1.922
146,23,0,1.922
147,23,0,1.922
148,23,0,1.922
149,23,0,1.922
150,23,0,1.922
151,23,0,1.922
152,23,0,1.922
153,23,0,1.922
154,23,0,1.922
155,23,0,1.922
156,23,0,1.922
157,23,1,1.922
158,23,0,1.922
159,23,0,1.922
160,23,0,1.922
161,23,0,1.922
162,23,1,1.922
163,23,1,1.922
164,23,1,1.922
165,23,0,1.922
166,23,0,1.922
167,23,0,1.922
168,23,1,1.922
169,23,1,1.922
170,23,1,1.922
171,23,0,1.922
172,23,0,1.922
173,23,0,1.922
174,23,1,1.922
175,23,1,1.922
176,23,0,1.922
177,23,0,1.922
178,23,1,1.922
179,23,0,1.922
180,23,1,1.922
181,23,1,1.922
182,23,1,1.922
183,23,1,1.922
184,23,1,1.922
185,23,0,1.922
186,23,0,1.922
187,23,0,1.922
188,23,0,1.922
189,23,0,1.922
190,23,0,1.922
191,23,0,1.922
192,23,0,1.922
193,23,0,1.922
194,23,0,1.922
195,23,0,1.922
196,23,0,1.922
197,23,1,1.922
198,23,0,1.922
199,23,1,1.922
200,23,0,1.922
201,23,0,1.922
202,23,0,1.922
203,23,0,1.922
204,23,0,1.922
205,23,1,1.922
206,23,0,1.922
207,23,0,1.922
208,23,0,1.922
209,23,1,1.922
210,23,0,1.922
211,23,1,1.922
212,23,0,1.922
213,23,1,1.922
214,23,1,1.922
215,23,0,1.922
216,23,0,1.922
217,23,0,1.922
218,23,0,1.922
219,23,1,1.922
220,23,0,1.922
221,23,0,1.922
222,23,0,1.922
223,23,0,1.922
224,23,1,1.922
225,23,0,1.922
226,23,1,1.922
227,23,0,1.922
228,23,0,1.922
229,23,0,1.922
230,23,0,1.922
231,23,0,1.922
232,23,1,1.922
233,23,0,1.922
234,23,0,1.922
235,23,0,1.922
236,23,1,1.922
237,23,1,1.922
238,23,0,1.922
239,23,0,1.922
240,23,0,1.922
241,23,0,1.922
242,23,0,1.922
243,23,0,1.922
244,23,0,1.922
245,23,1,1.922
246,23,0,1.922
247,23,0,1.922
248,23,0,1.922
249,23,0,1.922
250,23,0,1.922
1,24,1,0.978
2,24,0,0.978
3,24,0,0.978
4,24,1,0.978
5,24,1,0.978
6,24,1,0.978
7,24,1,0.978
8,24,1,0.978
9,24,0,0.978
10,24,1,0.978
11,24,0,0.978
12,24,0,0.978
13,24,0,0.978
14,24,1,0.978
15,24,1,0.978
16,24,0,0.978
17,24,1,0.978
18,24,1,0.978
19,24,1,0.978
20,24,0,0.978
21,24,0,0.978
22,24,0,0.978
23,24,1,0.978
24,24,1,0.978
25,24,0,0.978
26,24,1,0.978
27,24,0,0.978
28,24,1,0.978
29,24,0,0.978
30,24,0,0.978
31,24,0,0.978
32,24,1,0.978
33,24,0,0.978
34,24,1,0.978
35,24,1,0.978
36,24,0,0.978
37,24,1,0.978
38,24,0,0.978
39,24,0,0.978
40,24,0,0.978
41,24,0,0.978
42,24,1,0.978
43,24,0,0.978
44,24,0,0.978
45,24,0,0.978
46,24,0,0.978
47,24,1,0.978
48,24,0,0.978
49,24,0,0.978
50,24,0,0.978
51,24,1,0.978
52,24,0,0.978
53,24,0,0.978
54,24,1,0.978
55,24,0,0.978
56,24,1,0.978
57,24,0,0.978
58,24,1,0.978
59,24,0,0.978
60,24,1,0.978
61,24,1,0.978
62,24,0,0.978
63,24,0,0.978
64,24,1,0.978
65,24,0,0.978
66,24,0,0.978
67,24,0,0.978
68,24,0,0.978
69,24,1,0.978
70,24,1,0.978
71,24,1,0.978
72,24,1,0.978
73,24,0,0.978
74,24,0,0.978
75,24,1,0.978
76,24,0,0.978
77,24,0,0.978
78,24,0,0.978
79,24,0,0.978
80,24,1,0.978
81,24,0,0.978
82,24,0,0.978
83,24,0,0.978
84,24,0,0.978
85,24,1,0.978
86,24,1,0.978
87,24,0,0.978
88,24,0,0.978
89,24,1,0.978
90,24,1,0.978
91,24,1,0.978
92,24,0,0.978
93,24,1,0.978
94,24,1,0.978
95,24,1,0.978
96,24,0,0.978
97,24,0,0.978
98,24,0,0.978
99,24,0,0.978
100,24,0,0.978
101,24,0,0.978
102,24,0,0.978
103,24,0,0.978
104,24,0,0.978
105,24,0,0.978
106,24,1,0.978
107,24,0,0.978
108,24,1,0.978
109,24,0,0.978
110,24,1,0.978
111,24,0,0.978
112,24,0,0.978
113,24,0,0.978
114,24,1,0.978
115,24,1,0.978
116,24,1,0.978
117,24,0,0.978
118,24,1,0.978
119,24,0,0.978
120,24,1,0.978
121,24,1,0.978
122,24,1,0.978
123,24,1,0.978
124,24,1,0.978
125,24,0,0.978
126,24,0,0.978
127,24,1,0.978
128,24,1,0.978
129,24,1,0.978
130,24,0,0.978
131,24,1,0.978
132,24,0,0.978
133,24,0,0.978
134,24,1,0.978
135,24,1,0.978
136,24,1,0.978
137,24,0,0.978
138,24,1,0.978
139,24,1,0.978
140,24,1,0.978
141,24,1,0.978
142,24,1,0.978
143,24,0,0.978
144,24,1,0.978
145,24,1,0.978
146,24,0,0.978
147,24,1,0.978
148,24,0,0.978
149,24,1,0.978
150,24,0,0.978
151,24,1,0.978
152,24,1,0.978
153,24,0,0.978
154,24,0,0.978
155,24,0,0.978
156,24,0,0.978
157,24,1,0.978
158,24,0,0.978
159,24,1,0.978
160,24,1,0.978
161,24,1,0.978
162,24,1,0.978
163,24,0,0.978
164,24,0,0.978
165,24,0,0.978
166,24,0,0.978
167,24,0,0.978
168,24,0,0.978
169,24,1,0.978
170,24,1,0.978
171,24,1,0.978
172,24,0,0.978
173,24,1,0.978
174,24,1,0.978
175,24,0,0.978
176,24,0,0.978
177,24,1,0.978
178,24,0,0.978
179,24,0,0.978
180,24,0,0.978
181,24,0,0.978
182,24,0,0.978
183,24,1,0.978
184,24,1,0.978
185,24,1,0.978
186,24,0,0.978
187,24,1,0.978
188,24,1,0.978
189,24,0,0.978
190,24,1,0.978
191,24,0,0.978
192,24,1,0.978
193,24,1,0.978
194,24,1,0.978
195,24,0,0.978
196,24,1,0.978
197,24,0,0.978
198,24,1,0.978
199,24,0,0.978
200,24,0,0.978
201,24,1,0.978
202,24,0,0.978
203,24,0,0.978
204,24,0,0.978
205,24,0,0.978
206,24,0,0.978
207,24,0,0.978
208,24,1,0.978
209,24,1,0.978
210,24,1,0.978
211,24,1,0.978
212,24,1,0.978
213,24,0,0.978
214,24,1,0.978
215,24,0,0.978
216,24,1,0.978
217,24,0,0.978
218,24,0,0.978
219,24,0,0.978
220,24,0,0.978
221,24,0,0.978
222,24,1,0.978
223,24,1,0.978
224,24,1,0.978
225,24,1,0.978
226,24,1,0.978
227,24,0,0.978
228,24,1,0.978
229,24,0,0.978
230,24,1,0.978
231,24,1,0.978
232,24,0,0.978
233,24,1,0.978
234,24,1,0.978
235,24,0,0.978
236,24,0,0.978
237,24,0,0.978
238,24,1,0.978
239,24,0,0.978
240,24,0,0.978
241,24,0,0.978
242,24,1,0.978
243,24,1,0.978
244,24,0,0.978
245,24,0,0.978
246,24,1,0.978
247,24,0,0.978
248,24,1,0.978
249,24,1,0.978
250,24,0,0.978
1,25,0,0.734
2,25,0,0.734
3,25,0,0.734
4,25,1,0.734
5,25,0,0.734
6,25,0,0.734
7,25,1,0.734
8,25,0,0.734
9,25,1,0.734
10,25,0,0.734
11,25,0,0.734
12,25,0,0.734
13,25,0,0.734
14,25,0,0.734
15,25,0,0.734
16,25,1,0.734
17,25,0,0.734
18,25,1,0.734
19,25,0,0.734
20,25,0,0.734
21,25,0,0.734
22,25,0,0.734
23,25,1,0.734
24,25,1,0.734
25,25,1,0.734
26,25,1,0.734
27,25,0,0.734
28,25,1,0.734
29,25,1,0.734
30,25,0,0.734
31,25,1,0.734
32,25,1,0.734
33,25,0,0.734
34,25,1,0.734
35,25,0,0.734
36,25,0,0.734
37,25,0,0.734
38,25,1,0.734
39,25,1,0.734
40,25,1,0.734
41,25,1,0.734
42,25,1,0.734
43,25,1,0.734
44,25,1,0.734
45,25,0,0.734
46,25,0,0.734
47,25,0,0.734
48,25,1,0.734
49,25,1,0.734
50,25,1,0.734
51,25,1,0.734
52,25,1,0.734
53,25,1,0.734
54,25,0,0.734
55,25,1,0.734
56,25,0,0.734
57,25,1,0.734
58,25,0,0.734
59,25,1,0.734
60,25,1,0.734
61,25,1,0.734
62,25,1,0.734
63,25,1,0.734
64,25,1,0.734
65,25,1,0.734
66,25,0,0.734
67,25,0,0.734
68,25,1,0.734
69,25,1,0.734
70,25,1,0.734
71,25,1,0.734
72,25,1,0.734
73,25,0,0.734
74,25,1,0.734
75,25,0,0.734
76,25,0,0.734
77,25,1,0.734
78,25,0,0.734
79,25,0,0.734
80,25,1,0.734
81,25,1,0.734
82,25,0,0.734
83,25,1,0.734
84,25,0,0.734
85,25,1,0.734
86,25,1,0.734
87,25,1,0.734
88,25,0,0.734
89,25,1,0.734
90,25,1,0.734
91,25,0,0.734
92,25,1,0.734
93,25,1,0.734
94,25,1,0.734
95,25,1,0.734
96,25,1,0.734
97,25,0,0.734
98,25,0,0.734
99,25,1,0.734
100,25,1,0.734
101,25,1,0.734
102,25,1,0.734
103,25,1,0.734
104,25,1,0.734
105,25,1,0.734
106,25,1,0.734
107,25,0,0.734
108,25,1,0.734
109,25,1,0.734
110,25,1,0.734
111,25,1,0.734
112,25,0,0.734
113,25,1,0.734
114,25,0,0.734
115,25,1,0.734
116,25,1,0.734
117,25,0,0.734
118,25,0,0.734
119,25,0,0.734
120,25,0,0.734
121,25,1,0.734
122,25,0,0.734
123,25,0,0.734
124,25,0,0.734
125,25,1,0.734
126,25,1,0.734
127,25,1,0.734
128,25,1,0.734
129,25,0,0.734
130,25,0,0.734
131,25,0,0.734
132,25,0,0.734
133,25,0,0.734
134,25,1,0.734
135,25,1,0.734
136,25,0,0.734
137,25,1,0.734
138,25,1,0.734
139,25,1,0.734
140,25,0,0.734
141,25,1,0.734
142,25,1,0.734
143,25,0,0.734
144,25,1,0.734
145,25,0,0.734
146,25,0,0.734
147,25,1,0.734
148,25,1,0.734
149,25,0,0.734
150,25,1,0.734
151,25,1,0.734
152,25,1,0.734
153,25,1,0.734
154,25,0,0.734
155,25,0,0.734
156,25,0,0.734
157,25,0,0.734
158,25,0,0.734
159,25,1,0.734
160,25,0,0.734
161,25,1,0.734
162,25,0,0.734
163,25,1,0.734
164,25,1,0.734
165,25,1,0.734
166,25,0,0.734
167,25,1,0.734
168,25,0,0.734
169,25,1,0.734
170,25,1,0.734
171,25,1,0.734
172,25,0,0.734
173,25,1,0.734
174,25,1,0.734
175,25,1,0.734
176,25,1,0.734
177,25,1,0.734
178,25,0,0.734
179,25,0,0.734
180,25,1,0.734
181,25,1,0.734
182,25,0,0.734
183,25,1,0.734
184,25,0,0.734
185,25,1,0.734
186,25,1,0.734
187,25,1,0.734
188,25,1,0.734
189,25,0,0.734
190,25,0,0.734
191,25,0,0.734
192,25,0,0.734
193,25,1,0.734
194,25,1,0.734
195,25,1,0.734
196,25,0,0.734
197,25,1,0.734
198,25,1,0.734
199,25,0,0.734
200,25,1,0.734
201,25,1,0.734
202,25,0,0.734
203,25,0,0.734
204,25,0,0.734
205,25,1,0.734
206,25,1,0.734
207,25,0,0.734
208,25,0,0.734
209,25,0,0.734
210,25,1,0.734
211,25,0,0.734
212,25,1,0.734
213,25,1,0.734
214,25,1,0.734
215,25,1,0.734
216,25,0,0.734
217,25,1,0.734
218,25,1,0.734
219,25,1,0.734
220,25,0,0.734
221,25,1,0.734
222,25,1,0.734
223,25,1,0.734
224,25,1,0.734
225,25,0,0.734
226,25,1,0.734
227,25,1,0.734
228,25,1,0.734
229,25,1,0.734
230,25,1,0.734
231,25,1,0.734
232,25,0,0.734
233,25,1,0.734
234,25,1,0.734
235,25,0,0.734
236,25,0,0.734
237,25,1,0.734
238,25,1,0.734
239,25,1,0.734
240,25,1,0.734
241,25,1,0.734
242,25,1,0.734
243,25,1,0.734
244,25,0,0.734
245,25,1,0.734
246,25,1,0.734
247,25,0,0.734
248,25,0,0.734
249,25,0,0.734
250,25,0,0.734
